freqs,absorption
50.0,0.0004612239738255308
54.95495495495496,0.0005132847204509794
59.90990990990991,0.0005700657959577526
64.86486486486487,0.0006320586537105211
69.81981981981983,0.0006997692248695841
74.77477477477478,0.0007737254950009875
79.72972972972973,0.0008544846289549879
84.68468468468468,0.000942639968630643
89.63963963963964,0.0010388281254126719
94.5945945945946,0.0011437363530000244
99.54954954954955,0.0012581103772310032
104.5045045045045,0.0013827628618887644
109.45945945945945,0.0015185826982971884
114.41441441441441,0.001666545320716195
119.36936936936937,0.0018277242697273266
124.32432432432432,0.002003304252917504
129.27927927927928,0.0021945959875693255
134.23423423423424,0.002403053155232704
139.1891891891892,0.002630291854893385
144.14414414414415,0.0028781130122741416
149.0990990990991,0.003148528290652486
154.05405405405406,0.0034437901573410867
159.009009009009,0.0037664268945977186
163.96396396396398,0.00411928351079871
168.9189189189189,0.0045055697154609
173.8738738738739,0.004928916381126913
178.82882882882882,0.005393442240270052
183.78378378378378,0.005903832974794687
188.73873873873873,0.006465435373672612
193.6936936936937,0.007084369892838449
198.64864864864865,0.007767665793338874
203.6036036036036,0.008523424115745026
208.55855855855856,0.009361015147726692
213.51351351351352,0.010291318860827237
218.46846846846847,0.011327019173264508
223.42342342342343,0.012482966031290621
228.3783783783784,0.013776623459820336
233.33333333333334,0.015228627285272522
238.2882882882883,0.01686348370091928
243.24324324324326,0.01871044996247162
248.1981981981982,0.02080465231407469
253.15315315315314,0.023188515247882346
258.1081081081081,0.025913602548794934
263.06306306306305,0.029043007392877684
268.018018018018,0.032654480601361335
272.97297297297297,0.03684455964326916
277.92792792792795,0.04173406582489003
282.8828828828829,0.04747548738458052
287.8378378378378,0.05426298208870184
292.7927927927928,0.062346042400902024
297.7477477477478,0.0720483058148812
302.7027027027027,0.0837936030428601
307.65765765765764,0.09814214216040773
312.6126126126126,0.11584067241104279
317.56756756756755,0.1378912399638429
322.52252252252254,0.16564267246372022
327.47747747747746,0.20090414802659995
332.43243243243245,0.2460630675469735
337.3873873873874,0.3041404836596676
342.34234234234236,0.37859535881153183
347.2972972972973,0.47243161628680075
352.2522522522523,0.5857823331609906
357.2072072072072,0.7111770645278619
362.1621621621622,0.8280208019723161
367.1171171171171,0.9039525231892863
372.07207207207205,0.9119496658115286
377.02702702702703,0.8519962210332346
381.98198198198196,0.7500870136243661
386.93693693693695,0.6366666748446923
391.8918918918919,0.5312847890325764
396.84684684684686,0.44167858814800875
401.8018018018018,0.36862816838276835
406.7567567567568,0.31008131778318626
411.7117117117117,0.263323473659676
416.6666666666667,0.2258447374678877
421.6216216216216,0.19558463303046503
426.5765765765766,0.17093359062928415
431.5315315315315,0.15065985626027067
436.4864864864865,0.13382676577899255
441.44144144144144,0.11972126972573227
446.3963963963964,0.10779778296579279
451.35135135135135,0.09763584276793325
456.3063063063063,0.08890873627714801
461.26126126126127,0.0813603922054481
466.2162162162162,0.07478835228355796
471.1711711711712,0.06903117256985791
476.1261261261261,0.06395904592569757
481.0810810810811,0.059466772111469
486.036036036036,0.05546844705881915
490.990990990991,0.051893418975772154
495.94594594594594,0.048683184555831205
500.9009009009009,0.0457889880449146
505.85585585585585,0.04316994980261313
510.81081081081084,0.0407915967964827
515.7657657657658,0.03862470049072486
520.7207207207207,0.03664435155061596
525.6756756756756,0.03482921828659069
530.6306306306305,0.03316094863674457
535.5855855855856,0.03162368502402013
540.5405405405405,0.030203668539212525
545.4954954954956,0.028888914245114306
550.4504504504505,0.027668943438521887
555.4054054054054,0.02653456178305702
560.3603603603603,0.0254776745823434
565.3153153153153,0.024491132279482963
570.2702702702703,0.02356860067723021
575.2252252252252,0.02270445147165079
580.1801801801802,0.02189366955342953
585.1351351351351,0.02113177421010204
590.0900900900901,0.020414751900684536
595.0450450450451,0.01973899870279494
600.0,0.019101270875391263
604.9549549549549,0.01849864225600817
609.9099099099099,0.0179284674340755
614.8648648648649,0.017388349822505034
619.8198198198198,0.01687611389681032
624.7747747747748,0.016389780991290737
629.7297297297297,0.015927548140484138
634.6846846846847,0.01548776953544706
639.6396396396397,0.015068940231609984
644.5945945945946,0.014669681800756007
649.5495495495495,0.014288729666099953
654.5045045045046,0.013924921898205933
659.4594594594595,0.013577189281981372
664.4144144144144,0.013244546492278353
669.3693693693693,0.012926084238642943
674.3243243243244,0.012620962259172752
679.2792792792793,0.012328403059968185
684.2342342342342,0.012047686310612926
689.1891891891892,0.011778143818087505
694.1441441441441,0.011519155011693538
699.0990990990991,0.011270142880286826
704.0540540540541,0.011030570310621934
709.009009009009,0.01079993678202329
713.9639639639639,0.010577775378186938
718.918918918919,0.010363650081677722
723.8738738738739,0.010157153320864531
728.8288288288288,0.009957903742632501
733.7837837837837,0.009765544187344544
738.7387387387388,0.009579739845244073
743.6936936936937,0.009400176575887209
748.6486486486486,0.009226559374272414
753.6036036036036,0.00905861096913696
758.5585585585586,0.008896070540519996
763.5135135135135,0.008738692545082416
768.4684684684685,0.008586245638905088
773.4234234234234,0.008438511688591666
778.3783783783783,0.008295284862460228
783.3333333333334,0.008156370794461187
788.2882882882883,0.008021585814203536
793.2432432432432,0.007890756237168839
798.1981981981982,0.007763717709754925
803.1531531531532,0.007640314604340115
808.1081081081081,0.007520399460028804
813.063063063063,0.007403832465153304
818.018018018018,0.007290480977990232
822.972972972973,0.007180219082482453
827.927927927928,0.007072927176053456
832.8828828828829,0.006968491586877512
837.8378378378378,0.006866804218223943
842.7927927927929,0.006767762217668727
847.7477477477478,0.0066712676692253225
852.7027027027027,0.006577227306558631
857.6576576576576,0.006485552245659831
862.6126126126126,0.00639615773545954
867.5675675675676,0.00630896292502825
872.5225225225225,0.006223890646083974
877.4774774774775,0.006140867209681544
882.4324324324324,0.006059822216013311
887.3873873873874,0.005980688376367005
892.3423423423424,0.005903401346352366
897.2972972972973,0.005827899569580075
902.2522522522522,0.005754124131049809
907.2072072072073,0.005682018619556861
912.1621621621622,0.0056115289984864924
917.1171171171171,0.005542603484412045
922.072072072072,0.005475192432956688
927.027027027027,0.005409248231425634
931.981981981982,0.005344725197747868
936.936936936937,0.005281579485306498
941.8918918918919,0.005219768993264595
946.8468468468468,0.005159253282022602
951.8018018018018,0.005099993493476007
956.7567567567568,0.005041952275755546
961.7117117117117,0.0049850937121714844
966.6666666666666,0.004929383254081099
971.6216216216217,0.004874787657442314
976.5765765765766,0.004821274922820473
981.5315315315315,0.004768814238624963
986.4864864864865,0.004717375927390632
991.4414414414415,0.00466693139490304
996.3963963963964,0.004617453082008227
1001.3513513513514,0.004568914418931924
1006.3063063063063,0.004521289781972193
1011.2612612612612,0.004474554452415069
1016.2162162162163,0.004428684577545083
1021.1711711711712,0.004383657133626762
1026.126126126126,0.004339449890752967
1031.081081081081,0.004296041379432292
1036.036036036036,0.004253410858840456
1040.9909909909911,0.004211538286622241
1045.9459459459458,0.00417040429016724
1050.900900900901,0.0041299901392740646
1055.855855855856,0.0040902777201267115
1060.8108108108108,0.004051249510510502
1065.7657657657658,0.00401288855619597
1070.7207207207207,0.0039751784484400865
1075.6756756756756,0.003938103302528306
1080.6306306306305,0.003901647737313718
1085.5855855855855,0.0038657968556924382
1090.5405405405406,0.003830536225977732
1095.4954954954956,0.003795851864107136
1100.4504504504505,0.0037617302166585986
1105.4054054054054,0.0037281581446237944
1110.3603603603603,0.003695122907896864
1115.3153153153153,0.0036626121504527154
1120.2702702702702,0.0036306138861686987
1125.2252252252251,0.0035991164852706703
1130.1801801801803,0.0035681086613533752
1135.1351351351352,0.003537579458966378
1140.0900900900901,0.003507518241725349
1145.045045045045,0.0034779146809281736
1150.0,0.003448758744648228
1154.954954954955,0.00342004068728452
1159.9099099099099,0.003391751039544477
1164.8648648648648,0.003363880598843183
1169.8198198198197,0.0033364204200903025
1174.7747747747749,0.0033093618068588126
1179.7297297297298,0.003282696302904342
1184.6846846846847,0.0032564156840336755
1189.6396396396397,0.003230511950289894
1194.5945945945946,0.0032049773184541497
1199.5495495495495,0.003179804214838655
1204.5045045045044,0.003154985268366217
1209.4594594594594,0.003130513303920446
1214.4144144144145,0.0031063813359457626
1219.3693693693695,0.0030825825623045366
1224.3243243243244,0.003059110358361705
1229.2792792792793,0.003035958271300432
1234.2342342342342,0.0030131200146457093
1239.1891891891892,0.002990589463000126
1244.144144144144,0.0029683606469750323
1249.099099099099,0.0029464277483098877
1254.054054054054,0.0029247850951678034
1259.009009009009,0.002903427157613714
1263.963963963964,0.002882348543246538
1268.918918918919,0.0028615439929980946
1273.873873873874,0.0028410083770818995
1278.8288288288288,0.0028207366910859566
1283.7837837837837,0.002800724052200887
1288.7387387387387,0.0027809656955967155
1293.6936936936936,0.0027614569709107917
1298.6486486486488,0.002742193338865828
1303.6036036036037,0.002723170368011174
1308.5585585585586,0.0027043837315698926
1313.5135135135135,0.002685829204396528
1318.4684684684685,0.002667502660041121
1323.4234234234234,0.002649400067916141
1328.3783783783783,0.0026315174905503502
1333.3333333333333,0.002613851080946028
1338.2882882882882,0.002596397080021018
1343.2432432432433,0.0025791518141325964
1348.1981981981983,0.002562111692690827
1353.1531531531532,0.002545273205846077
1358.1081081081081,0.0025286329222509174
1363.063063063063,0.002512187486905515
1368.018018018018,0.0024959336190604198
1372.972972972973,0.002479868110191963
1377.9279279279278,0.0024639878220519273
1382.882882882883,0.002448289684762517
1387.837837837838,0.0024327706949894834
1392.7927927927929,0.0024174279141614408
1397.7477477477478,0.0024022584667489078
1402.7027027027027,0.0023872595386034146
1407.6576576576576,0.002372428375336022
1412.6126126126126,0.002357762280760345
1417.5675675675675,0.0023432586153735446
1422.5225225225224,0.0023289147948889477
1427.4774774774776,0.0023147282888107412
1432.4324324324325,0.002300696619060072
1437.3873873873874,0.0022868173586269025
1442.3423423423424,0.002273088130283707
1447.2972972972973,0.0022595066053194834
1452.2522522522522,0.0022460705023217287
1457.2072072072071,0.0022327775859912746
1462.162162162162,0.002219625665993319
1467.1171171171172,0.002206612595844648
1472.0720720720722,0.0021937362718265074
1477.027027027027,0.002180994631939215
1481.981981981982,0.0021683856548764258
1486.936936936937,0.0021559073590399214
1491.8918918918919,0.0021435578015751577
1496.8468468468468,0.002131335077436236
1501.8018018018017,0.0021192373184790725
1506.7567567567567,0.0021072626925814353
1511.7117117117118,0.0020954094027844095
1516.6666666666667,0.0020836756864586192
1521.6216216216217,0.002072059814498206
1526.5765765765766,0.0020605600905326815
1531.5315315315315,0.002049174850161206
1536.4864864864865,0.0020379024602106277
1541.4414414414414,0.002026741318013836
1546.3963963963963,0.002015689850702551
1551.3513513513515,0.0020047465145285326
1556.3063063063064,0.001993909794193005
1561.2612612612613,0.0019831782022055044
1566.2162162162163,0.0019725502782488302
1571.1711711711712,0.001962024588569755
1576.126126126126,0.001951599725380948
1581.081081081081,0.0019412743062806603
1586.036036036036,0.0019310469736889546
1590.990990990991,0.0019209163942954799
1595.945945945946,0.0019108812585274526
1600.900900900901,0.0019009402800208575
1605.855855855856,0.0018910921951221793
1610.8108108108108,0.0018813357623871374
1615.7657657657658,0.0018716697620980716
1620.7207207207207,0.0018620929957997578
1625.6756756756756,0.0018526042858365566
1630.6306306306305,0.0018432024749092113
1635.5855855855857,0.0018338864256395304
1640.5405405405406,0.0018246550201497236
1645.4954954954956,0.0018155071596426264
1650.4504504504505,0.0018064417640096808
1655.4054054054054,0.0017974577714275908
1660.3603603603603,0.0017885541379845105
1665.3153153153153,0.0017797298373023462
1670.2702702702702,0.001770983860175157
1675.2252252252251,0.0017623152142122178
1680.1801801801803,0.001753722923493961
1685.1351351351352,0.0017452060282348025
1690.0900900900901,0.0017367635844511842
1695.045045045045,0.001728394663641497
1700.0,0.0017200983524724434
1704.954954954955,0.001711873752473947
1709.9099099099099,0.0017037199797393932
1714.8648648648648,0.0016956361646331963
1719.8198198198197,0.0016876214515079146
1724.7747747747749,0.0016796749984249182
1729.7297297297298,0.0016717959768840496
1734.6846846846847,0.0016639835715588358
1739.6396396396397,0.0016562369800348087
1744.5945945945946,0.0016485554125622581
1749.5495495495495,0.0016409380918032124
1754.5045045045044,0.0016333842525958486
1759.4594594594594,0.001625893141715462
1764.4144144144145,0.0016184640176449827
1769.3693693693695,0.0016110961503520427
1774.3243243243244,0.0016037888210652662
1779.2792792792793,0.0015965413220639935
1784.2342342342342,0.001589352956466783
1789.1891891891892,0.001582223038023911
1794.144144144144,0.0015751508909213063
1799.099099099099,0.0015681358495813758
1804.054054054054,0.001561177258471158
1809.009009009009,0.0015542744719181378
1813.963963963964,0.0015474268539227287
1818.918918918919,0.0015406337779843016
1823.873873873874,0.001533894626919996
1828.8288288288288,0.0015272087926989641
1833.7837837837837,0.0015205756762708411
1838.7387387387387,0.0015139946874029864
1843.6936936936936,0.001507465244522499
1848.6486486486488,0.0015009867745547911
1853.6036036036037,0.001494558712773264
1858.5585585585586,0.0014881805026489836
1863.5135135135135,0.0014818515957009115
1868.4684684684685,0.0014755714513569052
1873.4234234234234,0.0014693395368076123
1878.3783783783783,0.0014631553268721342
1883.3333333333333,0.001457018303861024
1888.2882882882882,0.0014509279574470568
1893.2432432432433,0.0014448837845322249
1898.1981981981983,0.0014388852891236148
1903.1531531531532,0.0014329319822100617
1908.1081081081081,0.0014270233816360278
1913.063063063063,0.0014211590119902473
1918.018018018018,0.0014153384044827133
1922.972972972973,0.0014095610968336558
1927.9279279279278,0.0014038266331620752
1932.882882882883,0.0013981345638736098
1937.837837837838,0.001392484445558173
1942.7927927927929,0.0013868758408793758
1947.7477477477478,0.001381308318476382
1952.7027027027027,0.0013757814528601031
1957.6576576576576,0.0013702948243149438
1962.6126126126126,0.0013648480188033218
1967.5675675675675,0.0013594406278691906
1972.5225225225224,0.001354072248546001
1977.4774774774776,0.0013487424832653305
1982.4324324324325,0.0013434509397670658
1987.3873873873874,0.0013381972310128054
1992.3423423423424,0.0013329809750988186
1997.2972972972973,0.0013278017951720011
2002.2522522522522,0.0013226593193508274
2007.2072072072071,0.0013175531806361995
2012.162162162162,0.0013124830168413926
2017.1171171171172,0.0013074484705087874
2022.0720720720722,0.001302449188835153
2027.027027027027,0.0012974848235943748
2031.981981981982,0.0012925550310690648
2036.936936936937,0.0012876594719742895
2041.8918918918919,0.001282797811387959
2046.8468468468468,0.0012779697186819927
2051.801801801802,0.0012731748674542631
2056.7567567567567,0.001268412935460761
2061.711711711712,0.0012636836045516464
2066.666666666667,0.0012589865606071893
2071.6216216216217,0.001254321493473043
2076.5765765765764,0.0012496880968989599
2081.5315315315315,0.0012450860684795062
2086.4864864864867,0.0012405151095922218
2091.4414414414414,0.001235974925340888
2096.396396396396,0.0012314652244969082
2101.3513513513512,0.0012269857194442402
2106.3063063063064,0.0012225361261234413
2111.261261261261,0.0012181161639753801
2116.2162162162163,0.0012137255558932747
2121.171171171171,0.0012093640281628515
2126.126126126126,0.0012050313104179367
2131.0810810810813,0.0012007271355850557
2136.036036036036,0.0011964512398366933
2140.990990990991,0.0011922033625416661
2145.945945945946,0.0011879832462163842
2150.900900900901,0.0011837906364801087
2155.8558558558557,0.0011796252820055475
2160.810810810811,0.0011754869344772212
2165.765765765766,0.0011713753485457223
2170.7207207207207,0.0011672902817794206
2175.675675675676,0.001163231494630268
2180.6306306306305,0.0011591987503848378
2185.5855855855857,0.0011551918151242457
2190.5405405405404,0.001151210457684848
2195.4954954954956,0.0011472544496166082
2200.4504504504503,0.0011433235651451268
2205.4054054054054,0.0011394175811320073
2210.3603603603606,0.00113553627703733
2215.3153153153153,0.0011316794348814607
2220.2702702702704,0.0011278468392105223
2225.225225225225,0.0011240382770573154
2230.1801801801803,0.0011202535379069012
2235.135135135135,0.001116492413663961
2240.09009009009,0.0011127546986153813
2245.045045045045,0.0011090401893978363
2250.0,0.0011053486849655902
2254.954954954955,0.0011016799865561921
2259.90990990991,0.0010980338976586124
2264.864864864865,0.0010944102239842657
2269.8198198198197,0.0010908087734332605
2274.774774774775,0.001087229356063979
2279.7297297297296,0.001083671784065654
2284.6846846846847,0.0010801358717255072
2289.6396396396394,0.0010766214354024362
2294.5945945945946,0.0010731282934988151
2299.5495495495497,0.0010696562664281872
2304.5045045045044,0.0010662051765937264
2309.4594594594596,0.0010627748483572619
2314.4144144144143,0.0010593651080125221
2319.3693693693695,0.0010559757837604877
2324.324324324324,0.001052606705683523
2329.2792792792793,0.0010492577057190644
2334.2342342342345,0.0010459286176346394
2339.189189189189,0.0010426192770037757
2344.1441441441443,0.0010393295211807985
2349.099099099099,0.0010360591892794035
2354.054054054054,0.001032808122147677
2359.009009009009,0.0010295761623426714
2363.963963963964,0.0010263631541123086
2368.9189189189187,0.0010231689433698454
2373.873873873874,0.0010199933776733339
2378.828828828829,0.0010168363062029728
2383.7837837837837,0.001013697579741013
2388.738738738739,0.0010105770506477763
2393.6936936936936,0.0010074745728466672
2398.6486486486488,0.0010043900017987495
2403.6036036036035,0.0010013231944836498
2408.5585585585586,0.0009982740093822384
2413.5135135135133,0.0009952423064553129
2418.4684684684685,0.0009922279471249462
2423.4234234234236,0.0009892307942545031
2428.3783783783783,0.0009862507121325415
2433.3333333333335,0.0009832875664529395
2438.288288288288,0.0009803412242976872
2443.2432432432433,0.0009774115541180128
2448.198198198198,0.0009744984257179512
2453.153153153153,0.0009716017102374686
2458.108108108108,0.0009687212801359202
2463.063063063063,0.0009658570091725105
2468.018018018018,0.0009630087723933034
2472.972972972973,0.0009601764461154572
2477.927927927928,0.0009573599079062411
2482.8828828828828,0.000954559036573821
2487.837837837838,0.0009517737121467196
2492.7927927927926,0.0009490038158627145
2497.747747747748,0.0009462492301504088
2502.702702702703,0.0009435098386167962
2507.6576576576576,0.0009407855260326059
2512.612612612613,0.0009380761783148728
2517.5675675675675,0.0009353816825170558
2522.5225225225226,0.0009327019268147163
2527.4774774774774,0.0009300368004873105
2532.4324324324325,0.0009273861939089745
2537.387387387387,0.0009247499985363117
2542.3423423423424,0.0009221281068898524
2547.2972972972975,0.0009195204125462819
2552.252252252252,0.0009169268101227868
2557.2072072072074,0.0009143471952661741
2562.162162162162,0.0009117814646388833
2567.1171171171172,0.0009092295159098818
2572.072072072072,0.0009066912477372346
2577.027027027027,0.0009041665597624426
2581.981981981982,0.0009016553525931226
2586.936936936937,0.0008991575277979003
2591.891891891892,0.0008966729878869817
2596.846846846847,0.0008942016363087113
2601.801801801802,0.0008917433774331407
2606.7567567567567,0.0008892981165451452
2611.711711711712,0.0008868657598297691
2616.6666666666665,0.0008844462143645648
2621.6216216216217,0.0008820393881079358
2626.5765765765764,0.0008796451898893665
2631.5315315315315,0.0008772635293995412
2636.4864864864867,0.0008748943171789092
2641.4414414414414,0.0008725374646091355
2646.3963963963965,0.0008701928839039974
2651.3513513513512,0.0008678604880968388
2656.3063063063064,0.0008655401910340199
2661.261261261261,0.0008632319073658135
2666.2162162162163,0.0008609355525348583
2671.171171171171,0.000858651042768277
2676.126126126126,0.0008563782950697929
2681.0810810810813,0.0008541172272079622
2686.036036036036,0.0008518677577110667
2690.990990990991,0.0008496298058566776
2695.945945945946,0.0008474032916624408
2700.900900900901,0.0008451881358787494
2705.8558558558557,0.0008429842599809723
2710.810810810811,0.000840791586160794
2715.765765765766,0.0008386100373165561
2720.7207207207207,0.0008364395370493716
2725.675675675676,0.0008342800096500236
2730.6306306306305,0.0008321313800960795
2735.5855855855857,0.0008299935740414544
2740.5405405405404,0.000827866517809972
2745.4954954954956,0.000825750138386816
2750.4504504504503,0.0008236443634136448
2755.4054054054054,0.0008215491211779336
2760.3603603603606,0.0008194643406097546
2765.3153153153153,0.0008173899512707861
2770.2702702702704,0.0008153258833502042
2775.225225225225,0.0008132720676575778
2780.1801801801803,0.0008112284356145416
2785.135135135135,0.0008091949192489123
2790.09009009009,0.0008071714511899142
2795.045045045045,0.0008051579646575213
2800.0,0.000803154393460126
2804.954954954955,0.0008011606719874331
2809.90990990991,0.0007991767352008017
2814.864864864865,0.0007972025186325782
2819.8198198198197,0.0007952379583749947
2824.774774774775,0.0007932829910783923
2829.7297297297296,0.0007913375539406742
2834.6846846846847,0.0007894015847059732
2839.6396396396394,0.0007874750216562143
2844.5945945945946,0.0007855578036054522
2849.5495495495497,0.0007836498698956529
2854.5045045045044,0.0007817511603899208
2859.4594594594596,0.0007798616154675031
2864.4144144144143,0.0007779811760186828
2869.3693693693695,0.0007761097834376729
2874.324324324324,0.0007742473796201743
2879.2792792792793,0.00077239390695516
2884.2342342342345,0.0007705493083229875
2889.189189189189,0.0007687135270864065
2894.1441441441443,0.0007668865070892261
2899.099099099099,0.0007650681926485436
2904.054054054054,0.0007632585285518578
2909.009009009009,0.0007614574600510737
2913.963963963964,0.0007596649328577287
2918.9189189189187,0.0007578808931389958
2923.873873873874,0.0007561052875117991
2928.828828828829,0.0007543380630402607
2933.7837837837837,0.0007525791672290394
2938.738738738739,0.0007508285480195553
2943.6936936936936,0.0007490861537851057
2948.6486486486488,0.0007473519333275336
2953.6036036036035,0.0007456258358732315
2958.5585585585586,0.0007439078110665909
2963.5135135135133,0.0007421978089676706
2968.4684684684685,0.0007404957800470902
2973.4234234234236,0.0007388016751825877
2978.3783783783783,0.0007371154456552453
2983.3333333333335,0.0007354370431439383
2988.288288288288,0.000733766419722337
2993.2432432432433,0.0007321035278543553
2998.198198198198,0.000730448320392707
3003.153153153153,0.0007288007505711347
3008.108108108108,0.0007271607720024109
3013.063063063063,0.0007255283386770062
3018.018018018018,0.0007239034049554283
3022.972972972973,0.0007222859255660019
3027.927927927928,0.0007206758556022042
3032.8828828828828,0.0007190731505183345
3037.837837837838,0.0007174777661266285
3042.7927927927926,0.0007158896585909291
3047.747747747748,0.0007143087844280194
3052.702702702703,0.0007127351005002946
3057.6576576576576,0.0007111685640140974
3062.612612612613,0.0007096091325159426
3067.5675675675675,0.0007080567638882984
3072.5225225225226,0.0007065114163494757
3077.4774774774774,0.0007049730484461891
3082.4324324324325,0.0007034416190533355
3087.387387387387,0.0007019170873697744
3092.3423423423424,0.0007003994129155533
3097.2972972972975,0.0006988885555286872
3102.252252252252,0.0006973844753610514
3107.2072072072074,0.000695887132877937
3112.162162162162,0.000694396488852278
3117.1171171171172,0.0006929125043634299
3122.072072072072,0.0006914351407947272
3127.027027027027,0.0006899643598282656
3131.981981981982,0.0006885001234430144
3136.936936936937,0.0006870423939148163
3141.891891891892,0.0006855911338089493
3146.846846846847,0.0006841463059811259
3151.801801801802,0.0006827078735726078
3156.7567567567567,0.0006812758000093178
3161.711711711712,0.0006798500489965109
3166.6666666666665,0.0006784305845186633
3171.6216216216217,0.0006770173708366967
3176.5765765765764,0.0006756103724829821
3181.5315315315315,0.0006742095542616733
3186.4864864864867,0.0006728148812449319
3191.4414414414414,0.0006714263187710401
3196.3963963963965,0.0006700438324401814
3201.3513513513512,0.0006686673881139971
3206.3063063063064,0.0006672969519135874
3211.261261261261,0.0006659324902132946
3216.2162162162163,0.0006645739696443664
3221.1711711711714,0.0006632213570875178
3226.126126126126,0.0006618746196717096
3231.0810810810813,0.0006605337247745924
3236.036036036036,0.0006591986400171779
3240.990990990991,0.0006578693332626173
3245.945945945946,0.0006565457726150914
3250.900900900901,0.0006552279264161465
3255.8558558558557,0.0006539157632431403
3260.810810810811,0.0006526092519069104
3265.765765765766,0.000651308361449443
3270.7207207207207,0.0006500130611434285
3275.675675675676,0.0006487233204880427
3280.6306306306305,0.0006474391092080589
3285.5855855855857,0.000646160397250628
3290.5405405405404,0.0006448871547857227
3295.4954954954956,0.0006436193522024736
3300.4504504504503,0.000642356960106949
3305.4054054054054,0.0006410999493201563
3310.3603603603606,0.0006398482908773762
3315.3153153153153,0.0006386019560271627
3320.2702702702704,0.0006373609162246829
3325.225225225225,0.0006361251431346027
3330.1801801801803,0.0006348946086290885
3335.135135135135,0.0006336692847823677
3340.09009009009,0.0006324491438730595
3345.045045045045,0.0006312341583790682
3350.0,0.0006300243009779161
3354.954954954955,0.0006288195445449674
3359.90990990991,0.0006276198621514295
3364.864864864865,0.0006264252270596904
3369.8198198198197,0.0006252356127277592
3374.774774774775,0.000624050992802716
3379.7297297297296,0.0006228713411198239
3384.6846846846847,0.0006216966317028616
3389.6396396396394,0.000620526838759794
3394.5945945945946,0.0006193619366845482
3399.5495495495497,0.0006182019000519068
3404.5045045045044,0.0006170467036183958
3409.4594594594596,0.000615896322318843
3414.4144144144143,0.0006147507312678213
3419.3693693693695,0.0006136099057538758
3424.324324324324,0.0006124738212421876
3429.2792792792793,0.000611342453370689
3434.2342342342345,0.0006102157779487305
3439.189189189189,0.0006090937709569699
3444.1441441441443,0.0006079764085437089
3449.099099099099,0.000606863667026003
3454.054054054054,0.0006057555228868861
3459.009009009009,0.0006046519527722616
3463.963963963964,0.0006035529334948997
3468.9189189189187,0.0006024584420262213
3473.873873873874,0.0006013684555009613
3478.828828828829,0.0006002829512100627
3483.7837837837837,0.000599201906605562
3488.738738738739,0.0005981252992934838
3493.6936936936936,0.000597053107037615
3498.6486486486488,0.0005959853077542876
3503.6036036036035,0.000594921879512933
3508.5585585585586,0.0005938628005343061
3513.5135135135133,0.0005928080491897081
3518.4684684684685,0.0005917576039997652
3523.4234234234236,0.0005907114436325411
3528.3783783783783,0.0005896695469024271
3533.3333333333335,0.0005886318927691425
3538.288288288288,0.00058759846033829
3543.2432432432433,0.0005865692288552493
3548.198198198198,0.0005855441777110615
3553.153153153153,0.0005845232864351013
3558.108108108108,0.0005835065346975199
3563.063063063063,0.0005824939023042486
3568.018018018018,0.000581485369201773
3572.972972972973,0.0005804809154722479
3577.927927927928,0.000579480521330944
3582.8828828828828,0.0005784841671294672
3587.837837837838,0.00057749183335154
3592.7927927927926,0.0005765035006118913
3597.747747747748,0.0005755191496565892
3602.702702702703,0.0005745387613628195
3607.6576576576576,0.0005735623167341108
3612.612612612613,0.0005725897969041105
3617.5675675675675,0.0005716211831320317
3622.5225225225226,0.0005706564568020989
3627.4774774774774,0.0005696955994248798
3632.4324324324325,0.0005687385926331778
3637.387387387387,0.0005677854181831421
3642.3423423423424,0.0005668360579528242
3647.2972972972975,0.0005658904939415121
3652.252252252252,0.0005649487082663995
3657.2072072072074,0.0005640106831671376
3662.162162162162,0.0005630764009978417
3667.1171171171172,0.0005621458442311988
3672.072072072072,0.0005612189954568025
3677.027027027027,0.0005602958373776001
3681.981981981982,0.0005593763528137785
3686.936936936937,0.0005584605246951035
3691.891891891892,0.0005575483360682476
3696.846846846847,0.0005566397700884629
3701.801801801802,0.0005557348100219128
3706.7567567567567,0.0005548334392477816
3711.711711711712,0.0005539356412513907
3716.6666666666665,0.0005530413996271966
3721.6216216216217,0.0005521506980781243
3726.5765765765764,0.0005512635204119043
3731.5315315315315,0.0005503798505438473
3736.4864864864867,0.0005494996724947354
3741.4414414414414,0.0005486229703871581
3746.3963963963965,0.0005477497284489541
3751.3513513513512,0.0005468799310112127
3756.3063063063064,0.0005460135625052764
3761.261261261261,0.0005451506074641843
3766.2162162162163,0.0005442910505218945
3771.1711711711714,0.0005434348764121744
3776.126126126126,0.0005425820699657136
3781.0810810810813,0.0005417326161147873
3786.036036036036,0.0005408864998858176
3790.990990990991,0.0005400437064034813
3795.945945945946,0.0005392042208870462
3800.900900900901,0.0005383680286534798
3805.8558558558557,0.000537535115112453
3810.810810810811,0.0005367054657663406
3815.765765765766,0.0005358790662143287
3820.7207207207207,0.0005350559021453094
3825.675675675676,0.0005342359593392132
3830.6306306306305,0.0005334192236694513
3835.5855855855857,0.0005326056810982527
3840.5405405405404,0.0005317953176785517
3845.4954954954956,0.0005309881195523225
3850.4504504504503,0.0005301840729472485
3855.4054054054054,0.0005293831641837166
3860.3603603603606,0.0005285853796652695
3865.3153153153153,0.0005277907058839348
3870.2702702702704,0.000526999129416561
3875.225225225225,0.0005262106369263719
3880.1801801801803,0.0005254252151598582
3885.135135135135,0.0005246428509491086
3890.09009009009,0.0005238635312091455
3895.045045045045,0.000523087242937037
3900.0,0.0005223139732123405
3904.954954954955,0.0005215437091974362
3909.90990990991,0.0005207764381345292
3914.864864864865,0.000520012147346649
3919.8198198198197,0.0005192508242370941
3924.774774774775,0.0005184924562882109
3929.7297297297296,0.0005177370310608387
3934.6846846846847,0.0005169845361947534
3939.6396396396394,0.0005162349594072246
3944.5945945945946,0.0005154882884920164
3949.5495495495497,0.0005147445113202753
3954.5045045045044,0.000514003615839087
3959.4594594594596,0.0005132655900704775
3964.4144144144143,0.0005125304221129667
3969.3693693693695,0.0005117981001370175
3974.324324324324,0.0005110686123884767
3979.2792792792793,0.000510341947188353
3984.2342342342345,0.0005096180929267113
3989.189189189189,0.0005088970380698887
3994.1441441441443,0.0005081787711541663
3999.099099099099,0.0005074632807872126
4004.054054054054,0.0005067505556478613
4009.009009009009,0.0005060405844850013
4013.963963963964,0.0005053333561192419
4018.9189189189187,0.0005046288594390269
4023.873873873874,0.0005039270834016341
4028.828828828829,0.0005032280170340631
4033.7837837837837,0.0005025316494307042
4038.738738738739,0.0005018379697541153
4043.6936936936936,0.0005011469672325797
4048.6486486486488,0.0005004586311632142
4053.6036036036035,0.0004997729509075288
4058.5585585585586,0.0004990899158935358
4063.5135135135133,0.0004984095156149726
4068.4684684684685,0.0004977317396298586
4073.4234234234236,0.0004970565775626046
4078.3783783783783,0.0004963840190983504
4083.3333333333335,0.0004957140539881832
4088.288288288288,0.00049504667204614
4093.2432432432433,0.000494381863149429
4098.198198198198,0.000493719617235544
4103.153153153153,0.0004930599243065936
4108.108108108108,0.0004924027744255266
4113.063063063063,0.0004917481577154659
4118.018018018018,0.0004910960643611517
4122.972972972973,0.0004904464846062773
4127.927927927928,0.0004897994087583735
4132.882882882883,0.0004891548271797053
4137.837837837838,0.0004885127302953762
4142.792792792792,0.0004878731085866672
4147.747747747748,0.0004872359525952552
4152.7027027027025,0.0004866012529205488
4157.657657657658,0.0004859690002179118
4162.612612612613,0.00048533918520354824
4167.5675675675675,0.0004847117986465088
4172.522522522522,0.00048408683137601827
4177.477477477478,0.00048346427427403693
4182.4324324324325,0.00048284411828269924
4187.387387387387,0.000482226354395876
4192.342342342342,0.00048161097366439254
4197.2972972972975,0.0004809979671930309
4202.252252252252,0.00048038732614308355
4207.207207207207,0.00047977904172702424
4212.1621621621625,0.00047917310521383705
4217.117117117117,0.0004785695079244645
4222.072072072072,0.00047796824123269577
4227.027027027027,0.000477369296567387
4231.981981981982,0.0004767726654063553
4236.936936936937,0.000476178339283706
4241.891891891892,0.000475586309781284
4246.846846846847,0.0004749965685357793
4251.801801801802,0.000474409107234397
4256.756756756757,0.0004738239176128589
4261.711711711711,0.00047324099146073273
4266.666666666667,0.00047266032061599184
4271.621621621622,0.0004720818969669027
4276.576576576576,0.00047150571245280215
4281.531531531532,0.0004709317590598783
4286.486486486487,0.0004703600288262777
4291.441441441441,0.0004697905138364433
4296.396396396396,0.00046922320622466707
4301.351351351352,0.00046865809817397963
4306.306306306306,0.00046809518191437416
4311.261261261261,0.0004675344497241385
4316.216216216216,0.00046697589392785677
4321.171171171171,0.000466419506899185
4326.126126126126,0.00046586528105752034
4331.081081081081,0.00046531320886822325
4336.036036036036,0.00046476328284394963
4340.990990990991,0.0004642154955436517
4345.945945945946,0.0004636698395711347
4350.9009009009005,0.0004631263075766112
4355.855855855856,0.0004625848922552578
4360.810810810811,0.0004620455863461048
4365.7657657657655,0.0004615083826353672
4370.720720720721,0.0004609732739522254
4375.675675675676,0.0004604402531701579
4380.630630630631,0.00045990931320638584
4385.585585585585,0.00045938044702409364
4390.540540540541,0.00045885364762676684
4395.495495495496,0.00045832890806363213
4400.45045045045,0.00045780622142677085
4405.405405405406,0.00045728558084978665
4410.360360360361,0.0004567669795096929
4415.315315315315,0.00045625041062558047
4420.27027027027,0.0004557358674600609
4425.225225225226,0.0004552233433161579
4430.18018018018,0.0004547128315385285
4435.135135135135,0.0004542043255142403
4440.09009009009,0.0004536978186718832
4445.045045045045,0.00045319330448001516
4450.0,0.0004526907764483834
4454.954954954955,0.00045219022812814647
4459.90990990991,0.0004516916531098758
4464.864864864865,0.00045119504502477703
4469.81981981982,0.00045070039754435687
4474.774774774774,0.00045020770437909086
4479.72972972973,0.0004497169592811989
4484.684684684685,0.0004492281560392053
4489.639639639639,0.0004487412884830455
4494.594594594595,0.0004482563504810688
4499.54954954955,0.00044777333594114843
4504.504504504504,0.0004472922388086831
4509.459459459459,0.00044681305306815133
4514.414414414415,0.0004463357727417794
4519.369369369369,0.00044586039189153936
4524.324324324324,0.00044538690461526365
4529.279279279279,0.00044491530505041954
4534.2342342342345,0.0004444455873695574
4539.189189189189,0.0004439777457854177
4544.144144144144,0.00044351177454660107
4549.0990990990995,0.00044304766793812345
4554.054054054054,0.0004425854202837476
4559.009009009009,0.0004421250259419862
4563.963963963964,0.0004416664793084335
4568.918918918919,0.0004412097748169863
4573.873873873874,0.0004407549069347372
4578.828828828829,0.0004403018701674144
4583.783783783784,0.0004398506590548301
4588.738738738739,0.00043940126817409997
4593.693693693694,0.00043895369213797775
4598.648648648648,0.00043850792559096963
4603.603603603604,0.00043806396321965924
4608.558558558559,0.0004376217997399401
4613.513513513513,0.0004371814299050092
4618.468468468469,0.0004367428485035907
4623.423423423424,0.00043630605035849257
4628.378378378378,0.00043587103032638463
4633.333333333333,0.00043543778329924177
4638.288288288289,0.00043500630420434394
4643.243243243243,0.0004345765880005015
4648.198198198198,0.0004341486296840502
4653.153153153153,0.0004337224242826343
4658.108108108108,0.0004332979668589809
4663.063063063063,0.000432875252509235
4668.018018018018,0.000432454276362515
4672.972972972973,0.0004320350335839107
4677.927927927928,0.0004316175193683769
4682.882882882883,0.00043120172894617337
4687.8378378378375,0.0004307876575809777
4692.792792792793,0.00043037530056788675
4697.747747747748,0.0004299646532369694
4702.7027027027025,0.000429555710950269
4707.657657657658,0.00042914846910169224
4712.612612612613,0.0004287429231182305
4717.5675675675675,0.00042833906846118097
4722.522522522522,0.0004279369006208178
4727.477477477478,0.0004275364151232752
4732.4324324324325,0.0004271376075253297
4737.387387387387,0.0004267404734149549
4742.342342342342,0.00042634500841387535
4747.2972972972975,0.00042595120817445764
4752.252252252252,0.0004255590683828192
4757.207207207207,0.0004251685847547204
4762.1621621621625,0.0004247797530392283
4767.117117117117,0.0004243925690157191
4772.072072072072,0.0004240070284972086
4777.027027027027,0.0004236231273245794
4781.981981981982,0.0004232408613755734
4786.936936936937,0.00042286022655446676
4791.891891891892,0.0004224812187978433
4796.846846846847,0.0004221038340767036
4801.801801801802,0.00042172806838836063
4806.756756756757,0.00042135391776620956
4811.711711711711,0.0004209813782700689
4816.666666666667,0.00042061044599361885
4821.621621621622,0.00042024111706118195
4826.576576576576,0.00041987338762783377
4831.531531531532,0.00041950725387895904
4836.486486486487,0.00041914271203025155
4841.441441441441,0.00041877975833093384
4846.396396396396,0.0004184183890575399
4851.351351351352,0.0004180586005197995
4856.306306306306,0.0004177003890573072
4861.261261261261,0.0004173437510394118
4866.216216216216,0.0004169886828671032
4871.171171171171,0.00041663518097234675
4876.126126126126,0.00041628324181619547
4881.081081081081,0.00041593286189156586
4886.036036036036,0.0004155840377212394
4890.990990990991,0.0004152367658587508
4895.945945945946,0.00041489104288883194
4900.9009009009005,0.0004145468654247475
4905.855855855856,0.0004142042301118476
4910.810810810811,0.00041386313362457017
4915.7657657657655,0.00041352357267110396
4920.720720720721,0.0004131855439865051
4925.675675675676,0.000412849044337138
4930.630630630631,0.0004125140705214525
4935.585585585585,0.00041218061936643124
4940.540540540541,0.0004118486877303651
4945.495495495496,0.0004115182725022981
4950.45045045045,0.00041118937060202754
4955.405405405406,0.00041086197897999277
4960.360360360361,0.000410536094615499
4965.315315315315,0.0004102117145201589
4970.27027027027,0.0004098888357374486
4975.225225225226,0.0004095674553380446
4980.18018018018,0.0004092475704255971
4985.135135135135,0.0004089291781351756
4990.09009009009,0.0004086122756310484
4995.045045045045,0.00040829686010912525
5000.0,0.00040798292879673514
