,Homog. Coarse,Homog. Medium,Homog. Fine,Homog. ExFine,Banal Baseline,Strat 1: Flat Plateau,Strat 2: Peak @ 500Hz,Strat 3: Low-Freq Boost,Strat 4: Alt 8-Layer (TL)
α_mean,0.566,0.626,0.673,0.416,0.615,0.692,0.546,0.554,0.495
TL_mean [dB],7.7,11.3,12.3,27.2,13.7,18.0,16.7,20.5,19.9
NRC,0.45,0.5,0.55,0.4,0.5,0.55,0.5,0.5,0.45
SAA,0.42,0.49,0.54,0.38,0.51,0.54,0.5,0.49,0.43
α_w,0.3,0.35,0.4,0.4,0.4,0.4,0.45,0.55,0.45
Class,"Class D (M,H)","Class D (M,H)","Class D (M,H)",Class D,"Class D (M,H)","Class D (M,H)",Class D (M),Class D,Class D
SPI,0.586,0.89,0.906,0.0,0.898,0.902,0.924,0.814,0.696
SEI [cm⁻¹],0.113,0.125,0.135,0.083,0.123,0.138,0.109,0.111,0.099
PSF,0.573,0.692,0.768,0.871,0.655,0.848,0.707,0.887,0.81
α_p (500 Hz),0.31,0.48,0.59,0.37,0.55,0.56,0.71,0.6,0.59
α_p (1000 Hz),0.91,0.8,0.78,0.37,0.77,0.74,0.55,0.47,0.41
TL_p (500 Hz),6.7,8.6,9.1,17.2,10.1,13.5,12.2,13.6,14.5
TL_p (1000 Hz),8.0,9.1,9.4,20.7,10.1,13.9,12.0,15.2,15.3
