,Banal Baseline,Commercial Wood Wool,Strat 1: Flat Plateau,Strat 2: Peak @ 500Hz,Strat 3: Low-Freq Boost
α_mean,0.614,0.65,0.692,0.546,0.554
NRC,0.5,0.5,0.55,0.5,0.5
SAA,0.51,0.48,0.54,0.5,0.49
α_w,0.4,0.4,0.4,0.45,0.55
Class,"Class D (M,H)",Class D (H),"Class D (M,H)",Class D (M),Class D
SPI,0.898,0.832,0.902,0.924,0.814
SEI [cm⁻¹],0.123,0.13,0.138,0.109,0.111
PSF,0.652,0.866,0.848,0.707,0.887
α_p (125 Hz),0.02,0.06,0.03,0.03,0.07
α_p (250 Hz),0.1,0.2,0.12,0.18,0.33
α_p (500 Hz),0.55,0.36,0.56,0.71,0.6
α_p (1000 Hz),0.77,0.63,0.74,0.55,0.47
α_p (2000 Hz),0.63,0.74,0.75,0.61,0.58
α_p (4000 Hz),0.64,0.75,0.77,0.54,0.61
