Material Name,Granulometry,Compaction State,Flow Resistivity [Pa.s/m2],Porosity,Mean Alpha (100-4000 Hz),Raw NRC,Standardized NRC (ASTM C423)
Fine-S0,3,S0,19934,0.54,0.7124,0.5533,0.55
Fine-S1,3,S1,26000,0.5,0.6728,0.5385,0.55
ExFine-S0,4,S0,41344,0.57,0.6165,0.5447,0.55
Medium-S0,2,S0,14811,0.45,0.6577,0.4938,0.50
Medium-S1,2,S1,18500,0.42,0.6265,0.4793,0.50
Fine-S2,3,S2,33500,0.46,0.6246,0.5174,0.50
Fine-S3,3,S3,42000,0.42,0.5698,0.4876,0.50
ExFine-S1,4,S1,52000,0.52,0.5536,0.4871,0.50
Coarse-S0,1,S0,5377,0.41,0.5752,0.4272,0.45
Coarse-S1,1,S1,7200,0.39,0.5663,0.4264,0.45
Medium-S2,2,S2,23000,0.39,0.5906,0.4623,0.45
Medium-S3,2,S3,29500,0.35,0.5380,0.4361,0.45
ExFine-S2,4,S2,65000,0.47,0.4879,0.4320,0.45
Coarse-S2,1,S2,9800,0.36,0.5452,0.4161,0.40
Coarse-S3,1,S3,13500,0.33,0.5165,0.3975,0.40
ExFine-S3,4,S3,81000,0.42,0.4161,0.3788,0.40
