Configuration,Mean_Alpha,NRC,Alpha_w,Class,SPI,SEI,PSF
Fine-S1,0.6728,0.55,0.50,D,0.697,0.611,0.757
Medium-S1,0.6265,0.50,0.45,D,0.637,0.541,0.647
Fine-S2,0.6246,0.50,0.50,D,0.659,0.571,0.754
Medium-S2,0.5906,0.45,0.45,D,0.606,0.516,0.680
Fine-S3,0.5698,0.50,0.55,D,0.611,0.520,0.743
Coarse-S1,0.5663,0.45,0.35,D,0.563,0.384,0.359
ExFine-S1,0.5536,0.50,0.55,D,0.561,0.507,0.727
Coarse-S2,0.5452,0.40,0.35,D,0.535,0.377,0.375
Medium-S3,0.5380,0.45,0.45,D,0.564,0.476,0.695
Coarse-S3,0.5165,0.40,0.35,D,0.504,0.370,0.418
ExFine-S2,0.4879,0.45,0.50,D,0.488,0.447,0.733
ExFine-S3,0.4161,0.40,0.40,D,0.416,0.383,0.779
Optimized_Float_Multilayer,0.6910,0.55,0.50,D,0.726,0.668,0.901
Rounded_Integer_Multilayer,0.6897,0.55,0.50,D,0.725,0.667,0.903
