,Banal Baseline,Optimized Float FGM,Rounded Integer FGM,Commercial Wood Wool (50mm),Opt Float Improvement (%),Integer Improvement (%)
α_mean,0.614,0.692,0.692,0.65,+12.7%,+12.7%
NRC,0.5,0.55,0.55,0.5,+10.0%,+10.0%
SAA,0.51,0.54,0.54,0.48,+5.9%,+5.9%
α_w,0.4,0.4,0.4,0.4,+0.0%,+0.0%
Class,"Class D (M,H)","Class D (M,H)","Class D (M,H)",Class D (H),—,—
SPI,0.898,0.902,0.902,0.832,+0.4%,+0.4%
SEI [cm⁻¹],0.123,0.138,0.138,0.13,+12.2%,+12.2%
PSF,0.652,0.847,0.848,0.866,+29.9%,+30.1%
α_p (125 Hz),0.02,0.03,0.03,0.06,+50.0%,+50.0%
α_p (250 Hz),0.1,0.12,0.12,0.2,+20.0%,+20.0%
α_p (500 Hz),0.55,0.56,0.56,0.36,+1.8%,+1.8%
α_p (1000 Hz),0.77,0.74,0.74,0.63,-3.9%,-3.9%
α_p (2000 Hz),0.63,0.75,0.75,0.74,+19.0%,+19.0%
α_p (4000 Hz),0.64,0.77,0.77,0.75,+20.3%,+20.3%
