freq,TL_
50,3.781408383075431
60,4.644882989685942
70,5.46108607899825
80,6.227960596256896
90,6.947332927185857
100,7.622516668839511
110,8.257232570288673
120,8.855135090800413
130,9.41961965767627
140,9.953759618166371
150,10.460301958552922
160,10.94168814211985
170,11.400084098181297
180,11.837411911187418
190,12.255379899549514
200,12.655509785831839
210,13.039160622345388
220,13.407549577294859
230,13.761769869259355
240,14.102806194233626
250,14.43154798649642
260,14.748800826055286
270,15.055296267991212
280,15.351700330817884
290,15.638620845541082
300,15.916613835805684
310,16.18618907259402
320,16.44781492413002
330,16.70192260248824
340,16.948909892396063
350,17.189144434364604
360,17.422966623152778
370,17.65069217328435
380,17.872614395582534
390,18.089006222196137
400,18.3001220121476
410,18.506199164855744
420,18.707459565227037
430,18.904110880647686
440,19.09634772744393
450,19.284352722028636
460,19.468297429950013
470,19.64834322434782
480,19.824642063856988
490,19.997337198740293
500,20.16656381294815
510,20.33244960886877
520,20.495115340722915
530,20.654675301856273
540,20.811237770572934
550,20.964905418622802
560,21.11577568599237
570,21.263941125243385
580,21.40948971828863
590,21.552505168182698
600,21.693067168231064
610,21.831251650479363
620,21.96713101543123
630,22.10077434465454
640,22.232247597768364
650,22.361613795155012
660,22.488933187609234
670,22.61426341401942
680,22.737659648071023
690,22.859174734868635
700,22.978859318289892
710,23.09676195980917
720,23.212929249462086
730,23.327405909561367
740,23.44023489172052
750,23.551457467692774
760,23.66111331448883
770,23.76924059419711
780,23.875876028894396
790,23.981054971002077
800,24.08481146941391
810,24.187178331694412
820,24.28818718262277
830,24.38786851933512
840,24.48625176329797
850,24.58336530932729
860,24.679236571851042
870,24.773892028597956
880,24.867357261881125
890,24.959656997632607
900,25.050815142333352
910,25.14085481797231
920,25.229798395158653
930,25.317667524502163
940,25.404483166368603
950,25.490265619109262
960,25.575034545856937
970,25.658808999974184
980,25.741607449233783
990,25.82344779880585
1000,25.904347413121048
1010,25.984323136674654
1020,26.063391313831985
1030,26.14156780769166
1040,26.218868018059503
1050,26.295306898582503
1060,26.370898973089076
1070,26.445658351178892
1080,26.519598743102854
1090,26.592733473971272
1100,26.665075497325944
1110,26.73663740810956
1120,26.807431455063977
1130,26.877469552586867
1140,26.94676329207452
1150,27.015323952777017
1160,27.083162512190235
1170,27.150289656008
1180,27.216715787656092
1190,27.282451037428736
1200,27.347505271246884
1210,27.411888099056707
1220,27.475608882885453
1230,27.538676744571017
1240,27.60110057318062
1250,27.662889032133133
1260,27.724050566038855
1270,27.784593407269668
1280,27.844525582271984
1290,27.903854917634096
1300,27.96258904591891
1310,28.02073541127267
1320,28.07830127481941
1330,28.135293719850687
1340,28.19171965681936
1350,28.247585828146033
1360,28.302898812845992
1370,28.35766503098447
1380,28.411890747967284
1390,28.465582078673847
1400,28.51874499143902
1410,28.571385311890076
1420,28.623508726644555
1430,28.67512078687483
1440,28.726226911744533
1450,28.77683239172205
1460,28.826942391775844
1470,28.87656195445633
1480,28.925696002868577
1490,28.974349343540066
1500,29.02252666918755
1510,29.0702325613867
1520,29.117471493148294
1530,29.164247831404275
1540,29.210565839407067
1550,29.256429679045283
1560,29.30184341307877
1570,29.346811007295894
1580,29.39133633259579
1590,29.4354231669982
1600,29.479075197583363
1610,29.522296022364305
1620,29.565089152093908
1630,29.607458012008774
1640,29.64940594351205
1650,29.690936205797193
1660,29.73205197741447
1670,29.77275635778213
1680,29.813052368643778
1690,29.85294295547384
1700,29.892430988832395
1710,29.93151926567116
1720,29.970210510591766
1730,30.008507377057974
1740,30.046412448562847
1750,30.083928239752346
1760,30.121057197506364
1770,30.15780170197843
1780,30.19416406759506
1790,30.230146544015888
1800,30.26575131705534
1810,30.300980509567054
1820,30.335836182291644
1830,30.37032033466881
1840,30.404434905614508
1850,30.438181774263896
1860,30.47156276068084
1870,30.504579626534557
1880,30.537234075744063
1890,30.569527755090988
1900,30.601462254801305
1910,30.63303910909653
1920,30.664259796714767
1930,30.695125741402165
1940,30.72563831237513
1950,30.75579882475361
1960,30.785608539965992
1970,30.81506866612564
1980,30.84418035837966
1990,30.87294471922987
2000,30.901362798826423
2010,30.929435595234093
2020,30.957164054671505
2030,30.984549071723386
2040,31.011591489525937
2050,31.03829209992544
2060,31.064651643610063
2070,31.09067081021496
2080,31.1163502384006
2090,31.14169051590428
2100,31.16669217956475
2110,31.191355715319848
2120,31.215681558177
2130,31.239670092156384
2140,31.26332165020663
2150,31.286636514092713
2160,31.309614914255903
2170,31.3322570296453
2180,31.354562987520826
2190,31.376532863227062
2200,31.398166679937777
2210,31.419464408370455
2220,31.440425966470546
2230,31.46105121906476
2240,31.481339977482946
2250,31.501291999147902
2260,31.52090698713242
2270,31.54018458968302
2280,31.55912439970941
2290,31.57772595423915
2300,31.59598873383635
2310,31.61391216198387
2320,31.631495604427762
2330,31.648738368483148
2340,31.66563970230034
2350,31.68219879409021
2360,31.69841477130745
2370,31.71428669979061
2380,31.72981358285748
2390,31.744994360354475
2400,31.759827907658472
2410,31.774313034629607
2420,31.78844848451329
2430,31.802232932789764
2440,31.815664985969324
2450,31.82874318033126
2460,31.841465980604497
2470,31.853831778587715
2480,31.865838891706737
2490,31.877485561506738
2500,31.888769952076753
2510,31.89969014840377
2520,31.910244154653697
2530,31.920429892376042
2540,31.9302451986294
2550,31.93968782402419
2560,31.948755430679316
2570,31.957445590088973
2580,31.965755780895748
2590,31.973683386565803
2600,31.981225692961928
2610,31.9883798858097
2620,31.995143048052014
2630,32.00151215708672
2640,32.00748408188207
2650,32.013055579964025
2660,32.018223294269504
2670,32.02298374985898
2680,32.02733335048164
2690,32.031268374985856
2700,32.034784973567255
2710,32.03787916384623
2720,32.040546826766246
2730,32.042783702303744
2740,32.04458538497991
2750,32.045947319163865
2760,32.046864794156335
2770,32.04733293904202
2780,32.0473467172982
2790,32.046900921146296
2800,32.045990165632226
2810,32.0446088824205
2820,32.04275131328591
2830,32.04041150328577
2840,32.03758329359426
2850,32.03426031397942
2860,32.03043597490186
2870,32.026103459212784
2880,32.021255713427465
2890,32.01588543854859
2900,32.009985080411965
2910,32.003546819525255
2920,31.99656256036812
2930,31.989023920120047
2940,31.980922216779373
2950,31.972248456634457
2960,31.96299332104505
2970,31.953147152488466
2980,31.942699939821996
2990,31.93164130270891
3000,31.919960475151473
3010,31.907646288069756
3020,31.894687150860225
3030,31.88107103186265
3040,31.86678543765804
3050,31.851817391113897
3060,31.83615340808612
3070,31.81977947267906
3080,31.80268101095704
3090,31.784842862991205
3100,31.766249253115383
3110,31.74688375825381
3120,31.72672927417072
3130,31.705767979478914
3140,31.68398129722885
3150,31.661349853883898
3160,31.637853435468735
3170,31.613470940658072
3180,31.588180330550472
3190,31.56195857484732
3200,31.534781594129765
3210,31.506624197896006
3220,31.477460017987617
3230,31.44726143699605
3240,31.415999511198752
3250,31.38364388752791
3260,31.350162714023018
3270,31.315522543160675
3280,31.279688227390544
3290,31.242622806134605
3300,31.204287383426248
3310,31.164640995276027
3320,31.123640465750512
3330,31.081240250638587
3340,31.037392267454102
3350,30.9920457103814
3360,30.945146848633883
3370,30.896638806462526
3380,30.84646132295195
3390,30.79455048945558
3400,30.7408384622892
3410,30.68525314808594
3420,30.62771785889536
3430,30.568150933817865
3440,30.50646532363856
3450,30.442568134583187
3460,30.376360126971814
3470,30.307735164206207
3480,30.2365796072219
3490,30.162771649251937
3500,30.086180585745534
3510,30.006666014122075
3520,29.924076958634394
3530,29.83825091629624
3540,29.749012821396065
3550,29.656173928664074
3560,29.559530619227523
3570,29.458863139771722
3580,29.35393429481882
3590,29.244488126168214
3600,29.13024863434151
3610,29.010918627207225
3620,28.88617882485086
3630,28.755687412770072
3640,28.619080325180622
3650,28.475972666508408
3660,28.325961854724937
3670,28.168633308854382
3680,28.00356981894693
3690,27.830366135522343
3700,27.648650781906895
3710,27.45811756280756
3720,27.258569557219545
3730,27.04997822306636
3740,26.832559052058063
3750,26.60686220063645
3760,26.373870848945224
3770,26.135091465217517
3780,25.892610238613205
3790,25.64908330858774
3800,25.407632384821056
3810,25.171637801490768
3820,24.94445517907819
3830,24.729114457374543
3840,24.528071240876628
3850,24.343061686712527
3860,24.175074706935426
3870,24.024420339704896
3880,23.89085550621505
3890,23.773728964726768
3900,23.672118233386634
3910,23.58494412376264
3920,23.511058522224193
3930,23.4493070101512
3940,23.398570575787744
3950,23.357791270826198
3960,23.325986226832605
3970,23.30225362388149
3980,23.285773342759214
3990,23.275804282753167
4000,23.271679732613325
4010,23.272801736272747
4020,23.278635072738624
4030,23.28870124297668
4040,23.302572701505106
4050,23.31986746510138
4060,23.340244163157315
4070,23.363397549468893
4080,23.389054468383684
4090,23.41697025218206
4100,23.446925518064482
4110,23.478723329398047
4120,23.512186685171823
4130,23.54715630272554
4140,23.58348866098369
4150,23.621054274052188
4160,23.659736167956602
4170,23.699428536086614
4180,23.740035551688806
4190,23.781470318205862
4200,23.82365394058777
4210,23.866514702883634
4220,23.90998733893197
4230,23.954012385031817
4240,23.998535604537395
4250,24.04350747581432
4260,24.08888273589874
4270,24.13461997334616
4280,24.180681264428454
4290,24.227031847662182
4300,24.273639832223814
4310,24.320475936393823
4320,24.367513252619098
4330,24.41472703621887
4340,24.462094515107307
4350,24.509594718229856
4360,24.557208320673386
4370,24.604917503674123
4380,24.652705827917252
4390,24.70055811875003
4400,24.748460362057504
4410,24.796399609706512
4420,24.844363893582976
4430,24.892342147356302
4440,24.940324135200598
4450,24.9883003867862
4460,25.036262137928702
4470,25.08420127635731
4480,25.132110292085436
4490,25.17998223199653
4500,25.227810658198866
4510,25.275589609841546
4520,25.32331356802443
4530,25.370977423618612
4540,25.41857644757679
4550,25.46610626368804
4560,25.513562823432572
4570,25.560942382812858
4580,25.608241480974673
4590,25.655456920466143
4600,25.702585748996118
4610,25.749625242565727
4620,25.796572889858844
4630,25.843426377787626
4640,25.890183578098593
4650,25.936842534953406
4660,25.98340145340603
4670,26.02985868870487
4680,26.076212736355803
4690,26.12246222287942
4700,26.16860589723042
4710,26.214642622796376
4720,26.260571369947545
4730,26.30639120911402
4740,26.352101304315543
4750,26.39770090713523
4760,26.44318935109566
4770,26.488566046409503
4780,26.53383047507678
4790,26.578982186304337
4800,26.624020792224186
4810,26.66894596388952
4820,26.713757427519766
4830,26.75845496102336
4840,26.80303839067887
4850,26.847507588081506
4860,26.89186246725687
4870,26.93610298196402
4880,26.98022912314856
4890,27.024240916595748
4900,27.068138420674032
4910,27.111921724254998
4920,27.155590944748905
4930,27.199146226269267
4940,27.242587737869282
4950,27.285915671950246
4960,27.329130242722144
4970,27.37223168470802
4980,27.41522025151258
4990,27.458096214428696
5000,27.500859861295265
5010,27.543511495365035
5020,27.586051434264682
5030,27.628480008878597
5040,27.670797562615725
5050,27.7130044503569
5060,27.75510103767484
5070,27.797087700047136
5080,27.838964822114335
5090,27.880732796985185
5100,27.922392025573398
5110,27.963942915982834
5120,28.0053858829258
5130,28.046721347149067
5140,28.087949734962287
5150,28.12907147770113
5160,28.17008701128987
5170,28.210996775803586
5180,28.251801215019718
5190,28.292500776191183
5200,28.333095909387993
5210,28.373587067422893
5220,28.413974705421587
5230,28.45425928051254
5240,28.4944412515523
5250,28.534521078854613
5260,28.57449922393364
5270,28.614376149263236
5280,28.65415231805024
5290,28.693828194020895
5300,28.733404241219706
5310,28.77288092382022
5320,28.812258705947272
5330,28.85153805150704
5340,28.890719424034227
5350,28.929803286539467
5360,28.96879010136977
5370,29.007680330082593
5380,29.046474433332893
5390,29.085172870684232
5400,29.123776100652346
5410,29.16228458045135
5420,29.200698765974174
5430,29.239019111695505
5440,29.277246070571437
5450,29.315380094007924
5460,29.353421631641325
5470,29.391371131544652
5480,29.42922903989594
5490,29.466995801057877
5500,29.504671857475056
5510,29.54225764965981
5520,29.579753616084655
5530,29.617160193247628
5540,29.65447781549947
5550,29.6917069150993
5560,29.72884792214726
5570,29.76590126455752
5580,29.8028673680296
5590,29.83974665694663
5600,29.87653954974045
5610,29.91324646808623
5620,29.94986782767095
5630,29.986404042781395
5640,30.022855525368108
5650,30.059222685044404
5660,30.095505929011125
5670,30.131705662179897
5680,30.1678222870201
5690,30.203856203638345
5700,30.239807809742953
5710,30.275677500826887
5720,30.311465669266703
5730,30.347172706111817
5740,30.38279899929295
5750,30.418344934517695
5760,30.453810895092598
5770,30.489197261925334
5780,30.524504413527623
5790,30.559732726019032
5800,30.59488257313157
5810,30.629954326215074
5820,30.664948354243545
5830,30.69986502381809
5840,30.734704699182757
5850,30.769467742222748
5860,30.804154512479656
5870,30.83876536715397
5880,30.873300661120258
5890,30.907760746935242
5900,30.9421459748471
5910,30.976456692800582
5920,31.01069324646189
5930,31.0448559792162
5940,31.07894523218508
5950,31.112961344237625
5960,31.14690465200232
5970,31.18077548987933
5980,31.21457419005302
5990,31.248301082504657
6000,31.281956495025298
6010,31.31554075322896
6020,31.349054180565776
6030,31.38249709833535
6040,31.41586982570043
6050,31.449172679700443
6060,31.48240597526464
6070,31.515570025228328
6080,31.54866514034274
6090,31.58169162929213
6100,31.61464979870731
6110,31.64753995317904
6120,31.680362395272464
6130,31.713117425541522
6140,31.74580534254279
6150,31.778426442849845
6160,31.81098102106769
6170,31.84346936984683
6180,31.875891779897714
6190,31.908248540004692
6200,31.94053993702889
6210,31.972766255960316
6220,32.00492777988336
6230,32.03702479001927
6240,32.069057565736145
6250,32.101026384569195
6260,32.13293152217237
6270,32.16477325250143
6280,32.19655184755085
6290,32.22826757769433
6300,32.25992071143676
6310,32.29151151554364
6320,32.32304025688969
6330,32.354507193230006
6340,32.38591259167562
6350,32.417256710261825
6360,32.448539807168856
6370,32.47976213890395
6380,32.51092396032396
6390,32.54202552458581
6400,32.57306708326985
6410,32.604048886305314
6420,32.634971182010524
6430,32.66583421710577
6440,32.69663823672593
6450,32.72738348443232
6460,32.758070202227245
6470,32.788698630563545
6480,32.81926900835793
6490,32.849781573006595
6500,32.880236560392134
6510,32.91063420489979
6520,32.940974739424185
6530,32.97125839539244
6540,33.001485402766875
6550,33.03165599005005
6560,33.0617703843146
6570,33.0918288112018
6580,33.121831494937354
6590,33.151778658339055
6600,33.18167052283806
6610,33.211507308476584
6620,33.24128923392729
6630,33.27101651650471
6640,33.300689372172116
6650,33.330308015555694
6660,33.359872659953716
6670,33.38938351734765
6680,33.41884079841312
6690,33.4482447125295
6700,33.4775954677914
6710,33.50689327101932
6720,33.53613832776438
6730,33.565330842330525
6740,33.594471017779945
6750,33.623559056001355
6760,33.65259515735391
6770,33.68157952146814
6780,33.710512346434946
6790,33.739393829227076
6800,33.7682241656766
6810,33.797003550362945
6820,33.82573217689011
6830,33.8544102371536
6840,33.88303792268199
6850,33.91161542337506
6860,33.94014292810163
6870,33.96862062460445
6880,33.99704869954025
6890,34.02542733844363
6900,34.05375672576162
6910,34.08203704485009
6920,34.11026847799074
6930,34.13845120639513
6940,34.16658541021402
6950,34.19467126854603
6960,34.22270895944338
6970,34.25069865992853
6980,34.2786405459882
6990,34.30653479260354
7000,34.33438157370472
7010,34.362181062274956
7020,34.389933430263305
7030,34.41763884863924
7040,34.44529748739508
7050,34.47290951554266
7060,34.50047510113576
7070,34.52799441126625
7080,34.5554676120761
7090,34.58289486876287
7100,34.61027634559256
7110,34.63761220589373
7120,34.66490261207979
7130,34.69214772564895
7140,34.719347707189634
7150,34.74650271641344
7160,34.77361291204536
7170,34.80067845206231
7180,34.827699493468145
7190,34.85467619241815
7200,34.8816087041928
7210,34.90849718322443
7220,34.93534178308269
7230,34.96214265649307
7240,34.98889995534065
7250,35.015613830682355
7260,35.04228443274167
7270,35.06891191095063
7280,35.095496413595846
7290,35.122038088847525
7300,35.14853708351587
7310,35.17499354377253
7320,35.201407614990885
7330,35.22777944176241
7340,35.25410916789697
7350,35.280396936435196
7360,35.306642889636144
7370,35.332847169000885
7380,35.3590099152795
7390,35.38513126847514
7400,35.41121136779822
7410,35.43725035180186
7420,35.46324835821871
7430,35.48920552410827
7440,35.51512198577906
7450,35.5409978788226
7460,35.56683333812722
7470,35.592628497856246
7480,35.61838349183967
7490,35.64409845190275
7500,35.6697735108367
7510,35.6954087999359
7520,35.72100444986268
7530,35.74656059063921
7540,35.77207735160285
7550,35.79755486142721
7560,35.82299324812487
7570,35.84839263904256
7580,35.87375316088004
7590,35.899074939704214
7600,35.92435810084525
7610,35.94960276912951
7620,35.97480906865451
7630,35.999977122908035
7640,36.025107054749824
7650,36.050198986415815
7660,36.07525303952263
7670,36.100269335071836
7680,36.12524799346299
7690,36.15018913444971
7700,36.17509287726138
7710,36.19995934043584
7720,36.224788641991765
7730,36.24958089931938
7740,36.27433622923596
7750,36.29905474800105
7760,36.323736571189734
7770,36.34838181395908
7780,36.37299059096654
7790,36.39756301564583
7800,36.422099201891655
7810,36.446599262358454
7820,36.47106330931671
7830,36.49549145448624
7840,36.519883809039875
7850,36.54424048360721
7860,36.56856158827826
7870,36.59284723261126
7880,36.617097525614525
7890,36.6413125757962
7900,36.66549249111692
7910,36.68963737902415
7920,36.71374734644531
7930,36.73782249979359
7940,36.7618629449707
7950,36.78586878737046
7960,36.8098401318821
7970,36.833777082893626
7980,36.857679744295055
7990,36.88154821948144
8000,36.90538261135479
8010,36.92918302234073
8020,36.952949554359506
8030,36.97668230886428
8040,37.00038138682582
8050,37.02404688873783
8060,37.047678914633735
8070,37.07127756407737
8080,37.094842936074606
8090,37.11837512935448
8100,37.141874242030816
8110,37.165340371813144
8120,37.18877361596554
8130,37.21217407127684
8140,37.23554183410381
8150,37.258877000353166
8160,37.28217966548129
8170,37.30544992453359
8180,37.32868787207791
8190,37.351893602270955
8200,37.37506720883464
8210,37.398208785061286
8220,37.42131842381692
8230,37.44439621754415
8240,37.46744225826481
8250,37.49045663758262
8260,37.51343944668585
8270,37.536390776349776
8280,37.55931071694024
8290,37.58219935841189
8300,37.60505679032193
8310,37.62788310181592
8320,37.650678381644525
8330,37.673442718159585
8340,37.69617619931773
8350,37.71887891268289
8360,37.74155094542867
8370,37.764192384340774
8380,37.78680331581943
8390,37.809383825881696
8400,37.83193400016388
8410,37.854453923923835
8420,37.87694368204327
8430,37.89940335903013
8440,37.92183303933099
8450,37.94423280578251
8460,37.96660274271328
8470,37.98894293285073
8480,38.01125345886716
8490,38.03353440307318
8500,38.05578584742567
8510,38.07800787352479
8520,38.100200562606645
8530,38.122363995951346
8540,38.144498252943116
8550,38.1666034149374
8560,38.188679561396185
8570,38.21072677182504
8580,38.23274512538822
8590,38.254734700910554
8600,38.27669557687949
8610,38.29862783144708
8620,38.32053154243196
8630,38.34240678732134
8640,38.36425364327292
8650,38.38607218711687
8660,38.40786249535773
8670,38.42962464417636
8680,38.45135870943176
8690,38.47306476666368
8700,38.49474289109186
8710,38.51639315762303
8720,38.53801564084479
8730,38.55961041511762
8740,38.58117755416079
8750,38.602717131883914
8760,38.62422922155306
8770,38.64571389621387
8780,38.66717122860833
8790,38.688601291176575
8800,38.71000415605858
8810,38.731379895095955
8820,38.752728579833416
8830,38.774050281519855
8840,38.79534507111195
8850,38.81661301927588
8860,38.837854196385514
8870,38.85906867252735
8880,38.880256517501856
8890,38.901417800824845
8900,38.92255259171706
8910,38.943660959140274
8920,38.96474297176083
8930,38.985798697962686
8940,39.00682820586601
8950,39.02783156330075
8960,39.04880883803931
8970,39.06976009676406
8980,39.09068540709454
8990,39.11158483558596
9000,39.13245844871864
9010,39.15330631270764
9020,39.17412849350392
9030,39.1949250567949
9040,39.215696068001556
9050,39.23644159229045
9060,39.2571616945666
9070,39.27785643947681
9080,39.2985258914115
9090,39.319170114506036
9100,39.33978917264233
9110,39.360383129449886
9120,39.38095204830749
9130,39.40149599234447
9140,39.42201502444434
9150,39.44250920723758
9160,39.462978603112056
9170,39.483423274215625
9180,39.503843282454035
9190,39.5242386894751
9200,39.54460955709396
9210,39.564955945341886
9220,39.58527791630804
9230,39.60557553031792
9240,39.62584884784399
9250,39.64609792912478
9260,39.66632283416616
9270,39.686523622742826
9280,39.70670035439925
9290,39.72685308845109
9300,39.74698188398631
9310,39.76708679986642
9320,39.78716789472764
9330,39.80722522698218
9340,39.82725885481928
9350,39.847268836206545
9360,39.86725522889177
9370,39.88721809040556
9380,39.90715747806139
9390,39.92707344890261
9400,39.94696605989619
9410,39.96683536761467
9420,39.98668142856444
9430,40.006504298961936
9440,40.02630403482887
9450,40.046080691979455
9460,40.065834326024074
9470,40.08556499233989
9480,40.10527274613209
9490,40.1249576423795
9500,40.14461973585835
9510,40.164259081142134
9520,40.18387573260128
9530,40.203469744404345
9540,40.22304117051904
9550,40.24259006471324
9560,40.262116480555974
9570,40.281620471418535
9580,40.30110209047534
9590,40.320561390705095
9600,40.33999842489167
9610,40.359413245624935
9620,40.378805905302606
9630,40.39817645612943
9640,40.41752495012028
9650,40.43685143909958
9660,40.45615597472549
9670,40.47543860837703
9680,40.49469939138251
9690,40.51393837479793
9700,40.53315560950672
9710,40.5523511462156
9720,40.571525035446356
9730,40.59067732753764
9740,40.60980807264733
9750,40.62891732075177
9760,40.64800512164808
9770,40.66707152495479
9780,40.686116580111715
9790,40.70514033638225
9800,40.724142842853226
9810,40.7431241484364
9820,40.7620843018692
9830,40.78102335171563
9840,40.79994134636713
9850,40.81883833404176
9860,40.83771436276003
9870,40.85656948044271
9880,40.8754037347795
9890,40.89421717331006
9900,40.91300984340728
9910,40.93178179228808
9920,40.950533066928465
9930,40.96926371428174
9940,40.98797378102362
9950,41.00666331370407
9960,41.02533235868677
9970,41.04398096221256
9980,41.06260917032869
9990,41.0812170289346
10000,41.099804583780575
10010,41.11837188040742
10020,41.13691896427051
10030,41.15544588062292
10040,41.17395267456863
10050,41.19243939105801
10060,41.2109060749078
10070,41.22935277070127
10080,41.24777952296092
10090,41.266186376018716
10100,41.28457337405352
10110,41.302940561092996
10120,41.321287981014116
10130,41.33961567754376
10140,41.35792369425963
10150,41.37621207459003
10160,41.394480861816206
10170,41.41273009906955
10180,41.43095982933926
10190,41.449170095462634
10200,41.4673609401362
10210,41.485532405909275
10220,41.503684535316516
10230,41.52181737023608
10240,41.539930953165594
10250,41.558025325970604
10260,41.576100530477326
10270,41.594156608379066
10280,41.61219360123474
10290,41.63021155046056
10300,41.64821049733294
10310,41.666190482992526
10320,41.684151548437704
10330,41.702093734537556
10340,41.72001708201684
10350,41.737921631469945
10360,41.75580742335388
10370,41.773674497992374
10380,41.79152289557454
10390,41.80935265615672
10400,41.827163819662516
10410,41.844956425883595
10420,41.862730514480205
10430,41.88048612498168
10440,41.89822329678762
10450,41.9159420691671
10460,41.93364248126119
10470,41.95132457208043
10480,41.968988380513224
10490,41.986633945312015
10500,42.00426130512429
10510,42.02187210738647
10520,42.03946156358802
10530,42.05703453890196
10540,42.07458946247819
10550,42.09212637230457
10560,42.10964530631677
10570,42.12714630221917
10580,42.14462939766622
10590,42.16209463026602
10600,42.17954203714852
10610,42.19697165582063
10620,42.21438352338822
10630,42.231777676865114
10640,42.249154153173585
10650,42.26651298910153
10660,42.28385422133047
10670,42.3011778864191
10680,42.318484020811866
10690,42.33577266083438
10700,42.35304384269795
10710,42.37029760249766
10720,42.3875339762139
10730,42.40475299971247
10740,42.4219547087456
10750,42.439139138950964
10760,42.45630632585537
10770,42.47345630487018
10780,42.49058911129996
10790,42.50770478032561
10800,42.52480334703989
10810,42.54188484639649
10820,42.55894931326212
10830,42.5759967823815
10840,42.593027288395675
10850,42.6100408658342
10860,42.627037549121
10870,42.6440173725404
10880,42.66098037038145
10890,42.677926576668554
10900,42.69485602541671
10910,42.71176875051811
10920,42.72866478576255
10930,42.74554416481453
10940,42.76240692125149
10950,42.7792530885494
10960,42.79608270006541
10970,42.81289578906552
10980,42.829692388712914
10990,42.84647253206014
11000,42.86323625206389
11010,42.87998358157979
11020,42.896714553359125
11030,42.91342920003541
11040,42.93012755420107
11050,42.946809648288415
11060,42.96347551465142
11070,42.98012518554651
11080,42.996758693132236
11090,43.01337606948968
11100,43.02997734641356
11110,43.04656255599482
11120,43.06313172988233
11130,43.07968489978638
11140,43.096222097234644
11150,43.11274335374388
11160,43.129248700712346
11170,43.14573816948881
11180,43.16221179089125
11190,43.17866959645443
11200,43.19511161702991
11210,43.21153788349319
11220,43.227948426750885
11230,43.24434327744868
11240,43.2607224662398
11250,43.27708602367237
11260,43.29343398025042
11270,43.30976636616271
11280,43.32608321184223
11290,43.34238454743052
11300,43.35867040298781
11310,43.37494080853564
11320,43.39119579395859
11330,43.40743538921871
11340,43.42365962374587
11350,43.43986852738173
11360,43.456062129672034
11370,43.472240460078844
11380,43.4884035479793
11390,43.50455142266605
11400,43.52068411334608
11410,43.53680164914082
11420,43.55290405908639
11430,43.568991372133155
11440,43.58506361714841
11450,43.60112082291093
11460,43.617163018115846
11470,43.633190231394686
11480,43.64920249124062
11490,43.66519982613657
11500,43.6811822644102
11510,43.69714983437406
11520,43.7131025642106
11530,43.72904048203618
11540,43.744963615881154
11550,43.76087199371269
11560,43.77676564339766
11570,43.79264459271088
11580,43.808508869386415
11590,43.82435850103712
11600,43.840193515219596
11610,43.85601393941063
11620,43.871819800995354
11630,43.88761112729216
11640,43.90338794553585
11650,43.919150282876494
11660,43.93489816639985
11670,43.950631623111036
11680,43.96635067991565
11690,43.98205536368221
11700,43.99774570116551
11710,44.01342171906636
11720,44.02908344400635
11730,44.04473090251835
11740,44.06036412107532
11750,44.07598312606555
11760,44.09158794380622
11770,44.10717860053882
11780,44.122755122430696
11790,44.138317535574686
11800,44.15386586599175
11810,44.169400139625324
11820,44.184920382350356
11830,44.20042661996828
11840,44.21591887819896
11850,44.23139718270447
11860,44.2468615590746
11870,44.2623120327893
11880,44.277748629322026
11890,44.29317137402282
11900,44.308580292210024
11910,44.32397540956095
11920,44.33935674981454
11930,44.354724339485216
11940,44.370078203117984
11950,44.385418365629796
11960,44.400744851932686
11970,44.41605768682207
11980,44.43135689502942
11990,44.44664250188236
12000,44.4619145300371
12010,44.47717300597574
12020,44.49241795348997
12030,44.507649397021396
12040,44.5228673609028
12050,44.538071869316155
12060,44.553262946566676
12070,44.56844061668698
12080,44.583604903812514
12090,44.598755831921665
12100,44.61389342493214
12110,44.629017706734224
12120,44.644128701108926
12130,44.65922643180414
12140,44.67431092248664
12150,44.689382196764846
12160,44.70444027818096
12170,44.71948519021383
12180,44.73451695627601
12190,44.749535599725235
12200,44.76454114383286
12210,44.77953361184823
12220,44.79451302691533
12230,44.80947941212587
12240,44.82443279057206
12250,44.83937318510287
12260,44.85430061878809
12270,44.869215114320006
12280,44.884116694611016
12290,44.899005382335496
12300,44.91388120016012
12310,44.92874417071459
12320,44.94359431651163
12330,44.958431660058274
12340,44.973256223782876
12350,44.98806803000052
12360,45.002867101068276
12370,45.01765345921916
12380,45.03242712661647
12390,45.047188125411274
12400,45.06193647765619
12410,45.07667220537055
12420,45.09139533048809
12430,45.10610587492765
12440,45.120803860473586
12450,45.13548930894666
12460,45.150162242049504
12470,45.1648226814424
12480,45.179470648728355
12490,45.19410616545336
12500,45.20872925311548
12510,45.223339933113294
12520,45.237938226875215
12530,45.25252415567671
12540,45.267097740806676
12550,45.28165900346234
12560,45.296207964799706
12570,45.31074464591515
12580,45.32526906785151
12590,45.33978125159528
12600,45.354281218082434
12610,45.3687689881929
12620,45.38324458275744
12630,45.397708022556884
12640,45.412159328359856
12650,45.42659852078831
12660,45.44102561979888
12670,45.45544064688024
12680,45.469843622279775
12690,45.48423456636297
12700,45.49861349951964
12710,45.512980442131095
12720,45.52733541442529
12730,45.54167843668603
12740,45.55600953090832
12750,45.570328711698885
12760,45.584636004694204
12770,45.59893142803907
12780,45.613215001741864
12790,45.62748674575371
12800,45.64174667984331
12810,45.655994823935174
12820,45.67023119778527
12830,45.68445582108844
12840,45.69866871354939
12850,45.7128698947081
12860,45.727059384305086
12870,45.74123720167039
12880,45.75540336639296
12890,45.76955789786142
12900,45.78370081623547
12910,45.79783213892121
12920,45.81195188647818
12930,45.826060078069084
12940,45.84015673283255
12950,45.85424186988175
12960,45.86831550826275
12970,45.8823776670276
12980,45.89642836514354
12990,45.91046762154648
13000,45.924495455125125
13010,45.93851188471903
13020,45.952516929122815
13030,45.9665106070803
13040,45.98049293729296
13050,45.99446393841941
13060,46.008423629040145
13070,46.02237202775346
13080,46.03630915304417
13090,46.05023502338653
13100,46.06414965720099
13110,46.07805307286212
13120,46.091945288698625
13130,46.105826322993636
13140,46.11969619398479
13150,46.13355491986436
13160,46.147402518810274
13170,46.161239008832325
13180,46.175064408094315
13190,46.188878734527854
13200,46.20268200616296
13210,46.2164742409047
13220,46.2302554566022
13230,46.24402567112306
13240,46.25778490229613
13250,46.27153316772467
13260,46.285270485253285
13270,46.29899687250227
13280,46.31271234709406
13290,46.32641692657039
13300,46.34011062849193
13310,46.3537934703369
13320,46.36746546954989
13330,46.38112664353281
13340,46.39477700964504
13350,46.408416585203526
13360,46.42204538748304
13370,46.435663433716186
13380,46.44927074109362
13390,46.462867326764155
13400,46.47645320783489
13410,46.4900284013714
13420,46.50359292439645
13430,46.51714679389539
13440,46.530690026811676
13450,46.5442226400388
13460,46.557744650442814
13470,46.57125607484028
13480,46.58475693000982
13490,46.59824723269278
13500,46.61172699957271
13510,46.62519624734236
13520,46.63865499256857
13530,46.652103251877925
13540,46.66554104175853
13550,46.67896837874761
13560,46.692385279290285
13570,46.70579175980534
13580,46.71918783667215
13590,46.732573526230645
13600,46.745948844781005
13610,46.759313808582554
13620,46.77266843385168
13630,46.786012736833825
13640,46.79934673359688
13650,46.8126704402784
13660,46.82598387295127
13670,46.83928704762916
13680,46.852579980333005
13690,46.8658626870313
13700,46.879135183563974
13710,46.89239748588528
13720,46.905649609863985
13730,46.91889157115003
13740,46.9321233928153
13750,46.945345069110964
13760,46.95855663714834
13770,46.97175810544507
13780,46.984949489621215
13790,46.99813080525946
13800,47.011302067912965
13810,47.024463293064265
13820,47.037614496733305
13830,47.05075569283916
13840,47.06388689825398
13850,47.0770081278618
13860,47.09011939699156
13870,47.10322072093622
13880,47.11631211495301
13890,47.12939359426354
13900,47.14246517405395
13910,47.15552686946858
13920,47.1685786956397
13930,47.181620667638555
13940,47.19465280050083
13950,47.207675109249614
13960,47.22068760885549
13970,47.23369031425939
13980,47.24668324037004
13990,47.25966640206025
14000,47.27263981413704
14010,47.28560349152321
14020,47.29855744877998
14030,47.31150170091365
14040,47.324436262254636
14050,47.337361147792656
14060,47.35027637205357
14070,47.36318194963714
14080,47.37607789510957
14090,47.388964223003676
14100,47.401840947818926
14110,47.41470808402157
14120,47.427565646044755
14130,47.44041364828857
14140,47.45325210522477
14150,47.46608103087425
14160,47.47890043990807
14170,47.491710346322066
14180,47.504510764522514
14190,47.51730170864264
14200,47.53008319295074
14210,47.54285523138151
14220,47.55561783821881
14230,47.56837102752008
14240,47.58111481320641
14250,47.593849209441174
14260,47.60657423012526
14270,47.6192898892905
14280,47.631996200645645
14290,47.64469317845115
14300,47.65738083601681
14310,47.67005918761989
14320,47.68272824690663
14330,47.69538802763773
14340,47.70803854354304
14350,47.72067980832145
14360,47.73331183564117
14370,47.745934639139676
14380,47.75854823291618
14390,47.77115262907037
14400,47.78374784262503
14410,47.79633388660368
14420,47.80891077449186
14430,47.821478519745
14440,47.83403713577979
14450,47.846586636024576
14460,47.85912703379697
14470,47.87165834246692
14480,47.88418057532929
14490,47.89669374566152
14500,47.90919786671015
14510,47.92169295170393
14520,47.93417901380816
14530,47.94665606620867
14540,47.95912412202563
14550,47.971583194366985
14560,47.984033296576456
14570,47.99647444092013
14580,48.00890664122805
14590,48.02132991026515
14600,48.033744261063106
14610,48.046149706678264
14620,48.05854626022381
14630,48.070933934909135
14640,48.08331273564848
14650,48.09568268731538
14660,48.10804379769655
14670,48.12039607963953
14680,48.13273954576178
14690,48.14507420880956
14700,48.157400081497464
14710,48.16971717635424
14720,48.18202550612514
14730,48.19432508331859
14740,48.20661592065754
14750,48.21889803042236
14760,48.23117142531628
14770,48.24343611781677
14780,48.25569212020323
14790,48.26793944515074
14800,48.280178104901054
14810,48.292408111879595
14820,48.304629478426136
14830,48.316842216863954
14840,48.32904633948811
14850,48.341241858520505
14860,48.353428787261954
14870,48.36560713502521
14880,48.3777769225053
14890,48.3899381472094
14900,48.40209082832683
14910,48.414234982292555
14920,48.42637061785429
14930,48.43849774707067
14940,48.450616382195726
14950,48.4627265347017
14960,48.47482821692139
14970,48.48692144079406
14980,48.499006218332674
14990,48.51108256115885
15000,48.52315048144658
15010,48.5352099908918
15020,48.54726110138425
15030,48.55930382470962
15040,48.571338172639635
15050,48.58336415692862
15060,48.595381789301406
15070,48.60739108147898
15080,48.619392045112306
15090,48.631384691858656
15100,48.64336903355862
15110,48.65534508121787
15120,48.66731284700578
15130,48.67927234228027
15140,48.691223578571524
15150,48.70316656738539
15160,48.71510132020339
15170,48.72702784848279
15180,48.73894616365675
15190,48.75085627713428
15200,48.76275820030038
15210,48.774651944516094
15220,48.78653752257005
15230,48.798414941421136
15240,48.81028421668577
15250,48.822145358238515
15260,48.83399837728824
15270,48.84584328505396
15280,48.85768009273029
15290,48.86950881151252
15300,48.881329452480564
15310,48.89314202677778
15320,48.90494654589146
15330,48.91674301997752
15340,48.92853146091441
15350,48.94031187943242
15360,48.95208428667269
15370,48.963848693521555
15380,48.97560511090266
15390,48.98735354983693
15400,48.99909402121641
15410,49.01082653593784
15420,49.02255110487434
15430,49.03426773887649
15440,49.0459764487725
15450,49.05767724536822
15460,49.06937013944716
15470,49.08105514177058
15480,49.09273226307752
15490,49.104401514084884
15500,49.1160629054875
15510,49.127716447958164
15520,49.13936215214769
15530,49.15100002868505
15540,49.1626300881773
15550,49.174252341209794
15560,49.185866798346105
15570,49.197473470128195
15580,49.2090723670764
15590,49.220663499731046
15600,49.23224687844669
15610,49.2438225137935
15620,49.25539041618512
15630,49.26695059601728
15640,49.27850306368761
15650,49.29004782956461
15660,49.301584903995035
15670,49.31311429735831
15680,49.324636019846615
15690,49.33615008184703
15700,49.347656493594556
15710,49.359155265334095
15720,49.370646407289804
15730,49.38212992966508
15740,49.393605842642714
15750,49.40507415638482
15760,49.41653488098698
15770,49.42798802666679
15780,49.439433603473915
15790,49.450871621488616
15800,49.46230209595852
15810,49.47372502135881
15820,49.48514042327049
15830,49.49654830649906
15840,49.50794868106513
15850,49.51934155687661
15860,49.5307269438915
15870,49.54210485202907
15880,49.55347529118881
15890,49.564838271249876
15900,49.576193802126895
15910,49.587541893459615
15920,49.59888255532579
15930,49.61021579744907
15940,49.6215416294638
15950,49.63286006129401
15960,49.64417110261965
15970,49.65547476318448
15980,49.666771052664515
15990,49.67805998085978
16000,49.689341557195036
16010,49.70061579151132
16020,49.71188269337985
16030,49.72314227240781
16040,49.73439453818307
16050,49.74563950027455
16060,49.75687716821511
16070,49.76810755158329
16080,49.779330659852654
16090,49.79054650252246
16100,49.80175508906964
16110,49.81295642895102
16120,49.82415053160427
16130,49.83533740644831
16140,49.84651706288345
16150,49.85768951029144
16160,49.86885475803564
16170,49.88001281732842
16180,49.89116369189391
16190,49.902307396642826
16200,49.91344393899765
16210,49.92457332823018
16220,49.935695573678196
16230,49.946810684331844
16240,49.95791866962816
16250,49.969019538738735
16260,49.980113300802635
16270,49.99119996499448
16280,50.00227954046163
16290,50.01335203632288
16300,50.02441746169521
16310,50.03547582577898
16320,50.04652713735688
16330,50.05757140575597
16340,50.06860863993011
16350,50.07963884890103
16360,50.09066204167303
16370,50.10167822723284
16380,50.112687414549896
16390,50.12368961257614
16400,50.13468483024628
16410,50.1456730764777
16420,50.156654360170535
16430,50.16762869020777
16440,50.17859607545521
16450,50.18955652476157
16460,50.200510046958485
16470,50.21145665086061
16480,50.22239634526563
16490,50.23332913895424
16500,50.244255043275544
16510,50.25517405922101
16520,50.266086203276586
16530,50.27699148157093
16540,50.287889902801204
16550,50.29878147564506
16560,50.30966620874855
16570,50.3205441107921
16580,50.33141519041508
16590,50.34227945662898
16600,50.353136916728864
16610,50.3639875810005
16620,50.37483145641773
16630,50.38566855265894
16640,50.396498877921594
16650,50.40732244070351
16660,50.41813924947555
16670,50.42894931273834
16680,50.43975263896144
16690,50.45054923659563
16700,50.46133911701872
16710,50.47212227982078
16720,50.482898742234035
16730,50.49366850970281
16740,50.5044315905986
16750,50.51518799327703
16760,50.52593772607797
16770,50.536680797325516
16780,50.54741721532806
16790,50.55814698837832
16800,50.568870124753396
16810,50.57958663271478
16820,50.590296520508424
16830,50.60099979636475
16840,50.61169646849873
16850,50.622386545109904
16860,50.63307003438234
16870,50.64374694448492
16880,50.654417283571
16890,50.66508105977882
16900,50.67573828132371
16910,50.686388956036204
16920,50.69703309228175
16930,50.70767069806106
16940,50.71830178141618
16950,50.7289263504058
16960,50.739544413061644
16970,50.75015597738749
16980,50.76076105141525
16990,50.77135964323467
17000,50.781951760446304
17010,50.79253741138849
17020,50.80311660387882
17030,50.81368934584738
17040,50.824255645210826
17050,50.83481550987284
17060,50.845368947580724
17070,50.85591596641816
17080,50.866456574150234
17090,50.876990778617504
17100,50.88751858764603
17110,50.89804000904741
17120,50.90855505061882
17130,50.91906372014304
17140,50.92956602538838
17150,50.94006197410848
17160,50.95055157404167
17170,50.961034832909384
17180,50.971511806629906
17190,50.98198235832116
17200,50.99244664023005
17210,51.00290461184009
17220,51.01335628080653
17230,51.02380165477072
17240,51.03424074136042
17250,51.04467354843429
17260,51.05510008281958
17270,51.06552035289057
17280,51.0759343659894
17290,51.08634212960845
17300,51.09674365131845
17310,51.10713893917101
17320,51.11752799913017
17330,51.127910840223066
17340,51.138287562204106
17350,51.14865789456559
17360,51.15902212225276
17370,51.16938016067729
17380,51.1797320189827
17390,51.19007769879785
17400,51.20041721332069
17410,51.21075056801443
17420,51.22107782742208
17430,51.231398827414125
17440,51.24171374686071
17450,51.25202253591287
17460,51.2623252019032
17470,51.272621752147714
17480,51.28291219394796
17490,51.29319653459183
17500,51.30347478135393
17510,51.313746941495744
17520,51.324013022265696
17530,51.33427303089913
17540,51.344526974618454
17550,51.354774860633015
17560,51.365016696212464
17570,51.375252488366414
17580,51.38548224437656
17590,51.39570597139696
17600,51.40592367657007
17610,51.4161353670267
17620,51.42634104988524
17630,51.43654073225184
17640,51.44673442120581
17650,51.45692212387658
17660,51.46710384727557
17670,51.47727959848271
17680,51.48744938454584
17690,51.49761321249096
17700,51.50777108930882
17710,51.517923022075315
17720,51.52806901772276
17730,51.538209083250706
17740,51.54834322562779
17750,51.558471451810384
17760,51.568593768742296
17770,51.578710183355284
17780,51.58882070256865
17790,51.598925333289465
17800,51.60902408241269
17810,51.619116956820925
17820,51.62920396338474
17830,51.6392851089625
17840,51.64936040040048
17850,51.65942984453289
17860,51.66949344818186
17870,51.67955121815753
17880,51.68960316125802
17890,51.699649284269505
17900,51.7096895939662
17910,51.71972409711045
17920,51.7297528004527
17930,51.739775710731465
17940,51.74979283467366
17950,51.75980417899413
17960,51.76980975039632
17970,51.77980955557213
17980,51.789803601202394
17990,51.799791893956844
18000,51.809774440487644
18010,51.81975124740337
18020,51.8297223214057
18030,51.839687669110795
18040,51.84964729707242
18050,51.859601211920165
18060,51.869549420246486
18070,51.87949192862356
18080,51.88942874359995
18090,51.89935987174904
18100,51.90928531961768
18110,51.91920509370682
18120,51.929119200544626
18130,51.939027646648
18140,51.94893043851184
18150,51.95882758261921
18160,51.96871908544331
18170,51.978604953445924
18180,51.98848519307841
18190,51.99835981078068
18200,52.00822881298159
18210,52.01809220609901
18220,52.0279499965396
18230,52.03780219069904
18240,52.04764879496199
18250,52.05748981570206
18260,52.06732525928197
18270,52.077155132053434
18280,52.086979440357254
18290,52.09679819052334
18300,52.106611388870746
18310,52.11641904170767
18320,52.12622115533143
18330,52.136017736028734
18340,52.145808790075264
18350,52.15559432373609
18360,52.16537434326574
18370,52.17514885490754
18380,52.184917864894764
18390,52.194681380083914
18400,52.20443940478371
18410,52.21419194709833
18420,52.22393901259467
18430,52.23368060742715
18440,52.24341673777781
18450,52.25314740981244
18460,52.262872629681866
18470,52.2725924035189
18480,52.28230673741379
18490,52.29201563756469
18500,52.30171911001602
18510,52.311417160881255
18520,52.32110979624639
18530,52.33079702218734
18540,52.34047884476955
18550,52.35015527004813
18560,52.35982630406845
18570,52.36949195286481
18580,52.37915222246219
18590,52.38880711887482
18600,52.398456648106986
18610,52.4081008161529
18620,52.417739628996564
18630,52.42737309261199
18640,52.437001212963104
18650,52.446623996003865
18660,52.45624144767821
18670,52.465853573920114
18680,52.47546038065353
18690,52.48506187379222
18700,52.49465805923924
18710,52.50424894288564
18720,52.51383453060711
18730,52.52341482831261
18740,52.53298984183691
18750,52.54255957704204
18760,52.55212403977366
18770,52.56168323586707
18780,52.57123717114923
18790,52.58078585143878
18800,52.59032928254233
18810,52.59986747023332
18820,52.60940042029876
18830,52.61892813857123
18840,52.628450630751814
18850,52.63796790262937
18860,52.6474799631042
18870,52.656986808468645
18880,52.66648845389588
18890,52.675984901929624
18900,52.68547615831615
18910,52.69496222877474
18920,52.70444311892056
18930,52.7139188344833
18940,52.7233893811385
18950,52.73285477210906
18960,52.74231499035778
18970,52.75177006421737
18980,52.761219991759205
18990,52.77066477859344
19000,52.78010443039154
19010,52.78953895270287
19020,52.79896835113807
19030,52.80839263129066
19040,52.817811798741694
19050,52.82722594003324
19060,52.836634817812694
19070,52.84603868054583
19080,52.85543745280424
19090,52.86483114012171
19100,52.87421974802299
19110,52.8836032820238
19120,52.89298174763081
19130,52.9023551503418
19140,52.91172349564535
19150,52.9210867890212
19160,52.93044503594043
19170,52.93979824186426
19180,52.94914641224628
19190,52.958489552530196
19200,52.967827668151
19210,52.977160764535405
19220,52.98648884710055
19230,52.99581192125515
19240,53.00512999239912
19250,53.01444306595077
19260,53.02375114722267
19270,53.03305424163659
19280,53.042352354554225
19290,53.05164549133967
19300,53.06093365733395
19310,53.07021685788122
19320,53.079495098256515
19330,53.08876838385401
19340,53.098036719959374
19350,53.10730011187687
19360,53.11655856490206
19370,53.125812084322284
19380,53.13506067541623
19390,53.144304343453385
19400,53.15354309369644
19410,53.1627769313974
19420,53.17200586180158
19430,53.18122989014511
19440,53.19044902165557
19450,53.19966326155247
19460,53.20887261504684
19470,53.21807708734119
19480,53.22727668362985
19490,53.236471409098726
19500,53.24566126892543
19510,53.254846268279266
19520,53.26402641232127
19530,53.27320170620418
19540,53.28237215507255
19550,53.291537764062596
19560,53.3006985383025
19570,53.30985448291209
19580,53.31900560300292
19590,53.32815190367878
19600,53.33729339003513
19610,53.346430067158536
19620,53.35556194012963
19630,53.36468901401878
19640,53.373811293891336
19650,53.38292878480612
19660,53.39204149181477
19670,53.40114941994685
19680,53.41025257415265
19690,53.41935095963283
19700,53.428444581231304
19710,53.43753344404738
19720,53.446617563177114
19730,53.45569691327532
19740,53.46477152966486
19750,53.47384140721343
19760,53.482906550822555
19770,53.49196696553583
19780,53.501022656320814
19790,53.5100736302802
19800,53.519119885600645
19810,53.52816143404126
19820,53.537198278240076
19830,53.54623042310634
19840,53.55525787354526
19850,53.564280634453645
19860,53.57329871072047
19870,53.582312107228596
19880,53.59132082885171
19890,53.60032488045643
19900,53.60932426690187
19910,53.61831899303918
19920,53.62730906379725
19930,53.63629448385459
19940,53.64527525811389
19950,53.654251391396286
19960,53.66322288851538
19970,53.67218975427718
19980,53.68115199348025
19990,53.69010961091567
